Periode;Pulau;Area;Jumlah Rekening Penerima Pinjaman Aktif (entitas);Outstanding Pinjaman (miliar Rp);TWP 90
01/01/21;Jawa;Banten;866729;1405,413526;1,546%
01/01/21;Jawa;DKI Jakarta;9395728;4590,209462;2,143%
01/01/21;Jawa;Jawa Barat;2978367;4021,880285;1,933%
01/01/21;Jawa;Jawa Tengah;970575;1183,114399;1,290%
01/01/21;Jawa;DI Yogyakarta;139127;170,4080323;3,341%
01/01/21;Jawa;Jawa Timur;1258463;1820,976776;1,895%
01/01/21;Sumatera;Nangroe Aceh Darussalam;55316;69,49425799;0,529%
01/01/21;Sumatera;Lampung;174791;216,0421294;1,891%
01/01/21;Sumatera;Sumatera Utara;309142;364,7080035;1,292%
01/01/21;Sumatera;Sumatera Barat;113695;148,5440874;0,740%
01/01/21;Sumatera;Riau;121246;152,963428;0,784%
01/01/21;Sumatera;Kepulauan Riau;73082;87,80110981;1,100%
01/01/21;Sumatera;Kepualauan Bangka Belitung;23742;42,61308722;0,553%
01/01/21;Sumatera;Jambi;66552;82,68193548;0,703%
01/01/21;Sumatera;Sumatera Selatan;207940;238,1518417;1,228%
01/01/21;Sumatera;Bengkulu;30712;33,14465882;0,657%
01/01/21;Kalimantan;Kalimantan Barat;71544;85,0631761;1,249%
01/01/21;Kalimantan;Kalimantan Tengah;44451;68,85256437;0,470%
01/01/21;Kalimantan;Kalimantan Utara;9648;12,54301877;0,539%
01/01/21;Kalimantan;Kalimantan Timur;118339;145,0886197;0,931%
01/01/21;Kalimantan;Kalimantan Selatan;87704;96,6050148;1,047%
01/01/21;Sulawesi;Sulawesi Utara;75498;93,7798712;0,982%
01/01/21;Sulawesi;Gorontalo;20860;43,93032629;0,316%
01/01/21;Sulawesi;Sulawesi Tengah;41417;62,50304178;0,791%
01/01/21;Sulawesi;Sulawesi Barat;13575;22,35606846;0,831%
01/01/21;Sulawesi;Sulawesi Selatan;180038;325,1456858;1,807%
01/01/21;Sulawesi;Sulawesi Tenggara;34677;55,24773359;0,431%
01/01/21;Bali dan Nusa Tenggara;Bali;111453;166,7519807;1,453%
01/01/21;Bali dan Nusa Tenggara;Nusa Tenggara Barat;52692;168,785829;0,523%
01/01/21;Bali dan Nusa Tenggara;Nusa Tenggara Timur;23558;33,29599723;0,677%
01/01/21;Maluku;Maluku Utara;7648;9,52575048;0,509%
01/01/21;Maluku;Maluku;13662;18,93139149;0,645%
01/01/21;Papua;Papua Barat;10521;12,03905928;0,367%
01/01/21;Papua;Papua;15941;23,15658457;0,812%
01/02/21;Jawa;Banten;838022;1483,905476;1,632%
01/02/21;Jawa;DKI Jakarta;10165291;4748,974021;1,057%
01/02/21;Jawa;Jawa Barat;2894153;4238,103051;2,129%
01/02/21;Jawa;Jawa Tengah;930382;1218,609715;1,843%
01/02/21;Jawa;DI Yogyakarta;138046;173,270247;2,176%
01/02/21;Jawa;Jawa Timur;1242737;1957,712857;2,288%
01/02/21;Sumatera;Nangroe Aceh Darussalam;51122;70,88338968;0,654%
01/02/21;Sumatera;Lampung;175704;241,7585192;1,643%
01/02/21;Sumatera;Sumatera Utara;298876;379,7297534;1,262%
01/02/21;Sumatera;Sumatera Barat;111853;161,0912779;0,681%
01/02/21;Sumatera;Riau;119536;166,6038626;0,812%
01/02/21;Sumatera;Kepulauan Riau;81323;103,7710293;0,878%
01/02/21;Sumatera;Kepualauan Bangka Belitung;25245;47,2893826;0,542%
01/02/21;Sumatera;Jambi;66508;89,30517828;0,745%
01/02/21;Sumatera;Sumatera Selatan;213666;269,5447923;0,855%
01/02/21;Sumatera;Bengkulu;30408;35,97686638;0,770%
01/02/21;Kalimantan;Kalimantan Barat;70870;94,11704577;1,296%
01/02/21;Kalimantan;Kalimantan Tengah;44024;62,82853942;0,706%
01/02/21;Kalimantan;Kalimantan Utara;11033;15,3213517;0,535%
01/02/21;Kalimantan;Kalimantan Timur;113147;154,2282368;0,978%
01/02/21;Kalimantan;Kalimantan Selatan;89040;108,9402499;0,897%
01/02/21;Sulawesi;Sulawesi Utara;70013;94,52601799;0,892%
01/02/21;Sulawesi;Gorontalo;19525;48,87592686;0,426%
01/02/21;Sulawesi;Sulawesi Tengah;39725;72,48900419;0,984%
01/02/21;Sulawesi;Sulawesi Barat;12091;21,95888195;1,178%
01/02/21;Sulawesi;Sulawesi Selatan;173007;363,6349941;1,902%
01/02/21;Sulawesi;Sulawesi Tenggara;31694;61,14386324;0,578%
01/02/21;Bali dan Nusa Tenggara;Bali;108437;177,248917;1,432%
01/02/21;Bali dan Nusa Tenggara;Nusa Tenggara Barat;58021;185,6098937;0,538%
01/02/21;Bali dan Nusa Tenggara;Nusa Tenggara Timur;25193;38,74567521;0,718%
01/02/21;Maluku;Maluku Utara;8025;10,64477319;0,598%
01/02/21;Maluku;Maluku;14586;21,14614389;0,525%
01/02/21;Papua;Papua Barat;7143;10,65018449;0,485%
01/02/21;Papua;Papua;18448;27,51486184;0,768%
01/03/21;Jawa;Banten;916034;1647,967202;1,402%
01/03/21;Jawa;DKI Jakarta;9533844;5186,722602;0,987%
01/03/21;Jawa;Jawa Barat;3174391;4814,275028;1,541%
01/03/21;Jawa;Jawa Tengah;1031292;1360,939991;1,711%
01/03/21;Jawa;DI Yogyakarta;152767;199,4530546;1,859%
01/03/21;Jawa;Jawa Timur;1372366;2233,842145;1,839%
01/03/21;Sumatera;Nangroe Aceh Darussalam;57646;80,26353891;0,703%
01/03/21;Sumatera;Lampung;198331;276,984045;1,746%
01/03/21;Sumatera;Sumatera Utara;332351;436,7735732;1,267%
01/03/21;Sumatera;Sumatera Barat;123942;181,4414322;0,685%
01/03/21;Sumatera;Riau;133597;189,9291747;0,811%
01/03/21;Sumatera;Kepulauan Riau;88882;120,5606121;0,876%
01/03/21;Sumatera;Kepualauan Bangka Belitung;27985;49,73016325;0,543%
01/03/21;Sumatera;Jambi;75683;100,688615;0,828%
01/03/21;Sumatera;Sumatera Selatan;239747;310,3228737;0,867%
01/03/21;Sumatera;Bengkulu;34946;43,29687567;0,823%
01/03/21;Kalimantan;Kalimantan Barat;80992;111,8710671;0,966%
01/03/21;Kalimantan;Kalimantan Tengah;50126;73,78806008;0,783%
01/03/21;Kalimantan;Kalimantan Utara;12045;18,65763898;0,600%
01/03/21;Kalimantan;Kalimantan Timur;126864;182,2273586;1,032%
01/03/21;Kalimantan;Kalimantan Selatan;101814;129,6159254;1,103%
01/03/21;Sulawesi;Sulawesi Utara;79388;110,0445342;0,838%
01/03/21;Sulawesi;Gorontalo;22506;61,29339069;0,481%
01/03/21;Sulawesi;Sulawesi Tengah;44495;84,5179454;0,840%
01/03/21;Sulawesi;Sulawesi Barat;13885;27,26478632;0,799%
01/03/21;Sulawesi;Sulawesi Selatan;194132;400,3250103;1,133%
01/03/21;Sulawesi;Sulawesi Tenggara;35790;69,2413472;0,608%
01/03/21;Bali dan Nusa Tenggara;Bali;120531;205,4314439;1,215%
01/03/21;Bali dan Nusa Tenggara;Nusa Tenggara Barat;64125;204,7217145;0,396%
01/03/21;Bali dan Nusa Tenggara;Nusa Tenggara Timur;28993;44,75942607;0,897%
01/03/21;Maluku;Maluku Utara;8961;12,26870906;0,621%
01/03/21;Maluku;Maluku;16442;22,66392195;0,621%
01/03/21;Papua;Papua Barat;8194;12,53217862;0,634%
01/03/21;Papua;Papua;21357;34,18347135;0,686%
01/04/21;Jawa;Banten;916743;1766,888583;1,302%
01/04/21;Jawa;DKI Jakarta;10825998;5541,954268;1,216%
01/04/21;Jawa;Jawa Barat;3323327;5196,880793;1,505%
01/04/21;Jawa;Jawa Tengah;1100054;1503,173196;1,767%
01/04/21;Jawa;DI Yogyakarta;165739;219,4401412;1,946%
01/04/21;Jawa;Jawa Timur;1453273;2470,535894;1,727%
01/04/21;Sumatera;Nangroe Aceh Darussalam;60406;84,89627603;1,341%
01/04/21;Sumatera;Lampung;213879;306,6816842;1,891%
01/04/21;Sumatera;Sumatera Utara;348207;478,5285148;1,214%
01/04/21;Sumatera;Sumatera Barat;130719;198,5424614;0,668%
01/04/21;Sumatera;Riau;142285;204,5899387;0,856%
01/04/21;Sumatera;Kepulauan Riau;94441;134,0114476;0,905%
01/04/21;Sumatera;Kepualauan Bangka Belitung;30072;57,19940096;0,573%
01/04/21;Sumatera;Jambi;81984;115,0326567;0,809%
01/04/21;Sumatera;Sumatera Selatan;255689;346,0180413;0,939%
01/04/21;Sumatera;Bengkulu;37827;48,02145712;0,896%
01/04/21;Kalimantan;Kalimantan Barat;87330;126,08498;0,940%
01/04/21;Kalimantan;Kalimantan Tengah;54382;81,92194551;0,744%
01/04/21;Kalimantan;Kalimantan Utara;13086;21,03386511;0,820%
01/04/21;Kalimantan;Kalimantan Timur;135275;197,6035012;1,004%
01/04/21;Kalimantan;Kalimantan Selatan;109330;144,0931442;1,183%
01/04/21;Sulawesi;Sulawesi Utara;84589;116,6241275;0,839%
01/04/21;Sulawesi;Gorontalo;23710;71,03721703;0,452%
01/04/21;Sulawesi;Sulawesi Tengah;48325;92,4515233;0,784%
01/04/21;Sulawesi;Sulawesi Barat;14920;29,4783746;0,860%
01/04/21;Sulawesi;Sulawesi Selatan;205625;421,3590821;1,055%
01/04/21;Sulawesi;Sulawesi Tenggara;38514;74,20800811;0,552%
01/04/21;Bali dan Nusa Tenggara;Bali;128441;218,6924431;1,221%
01/04/21;Bali dan Nusa Tenggara;Nusa Tenggara Barat;66855;209,3241163;0,510%
01/04/21;Bali dan Nusa Tenggara;Nusa Tenggara Timur;30311;47,24029763;0,873%
01/04/21;Maluku;Maluku Utara;9396;13,17749567;0,694%
01/04/21;Maluku;Maluku;17819;24,73252319;0,591%
01/04/21;Papua;Papua Barat;9005;13,77116658;0,561%
01/04/21;Papua;Papua;23289;36,77525607;0,575%
01/05/21;Jawa;Banten;933361;1843,47391;1,309%
01/05/21;Jawa;DKI Jakarta;12518845;5860,03789;1,727%
01/05/21;Jawa;Jawa Barat;3396308;5521,964775;1,738%
01/05/21;Jawa;Jawa Tengah;1121416;1584,591234;2,293%
01/05/21;Jawa;DI Yogyakarta;171520;234,3981465;1,909%
01/05/21;Jawa;Jawa Timur;1485595;2579,116594;1,273%
01/05/21;Sumatera;Nangroe Aceh Darussalam;61961;88,04376062;1,706%
01/05/21;Sumatera;Lampung;220248;319,0769823;1,197%
01/05/21;Sumatera;Sumatera Utara;360709;509,4959364;0,831%
01/05/21;Sumatera;Sumatera Barat;133948;206,2288628;1,093%
01/05/21;Sumatera;Riau;147646;217,3724738;1,062%
01/05/21;Sumatera;Kepulauan Riau;98815;143,9968201;0,757%
01/05/21;Sumatera;Kepualauan Bangka Belitung;31057;59,83798308;1,059%
01/05/21;Sumatera;Jambi;85102;123,2520553;1,281%
01/05/21;Sumatera;Sumatera Selatan;264234;360,4349492;1,172%
01/05/21;Sumatera;Bengkulu;38933;50,350482;2,151%
01/05/21;Kalimantan;Kalimantan Barat;91523;135,1544339;1,011%
01/05/21;Kalimantan;Kalimantan Tengah;57193;86,43915981;0,914%
01/05/21;Kalimantan;Kalimantan Utara;13792;22,41280545;1,181%
01/05/21;Kalimantan;Kalimantan Timur;140064;214,9308517;1,543%
01/05/21;Kalimantan;Kalimantan Selatan;115658;153,3447701;1,043%
01/05/21;Sulawesi;Sulawesi Utara;88755;126,0995981;0,851%
01/05/21;Sulawesi;Gorontalo;24604;63,71638426;1,021%
01/05/21;Sulawesi;Sulawesi Tengah;50227;95,16349712;1,220%
01/05/21;Sulawesi;Sulawesi Barat;15515;30,07324902;1,260%
01/05/21;Sulawesi;Sulawesi Selatan;211775;445,9443436;0,790%
01/05/21;Sulawesi;Sulawesi Tenggara;39806;75,86780855;1,389%
01/05/21;Bali dan Nusa Tenggara;Bali;136521;238,1586774;0,721%
01/05/21;Bali dan Nusa Tenggara;Nusa Tenggara Barat;68360;216,119772;1,226%
01/05/21;Bali dan Nusa Tenggara;Nusa Tenggara Timur;31933;48,64330314;0,756%
01/05/21;Maluku;Maluku Utara;9789;15,01429931;0,846%
01/05/21;Maluku;Maluku;18350;27,33022194;0,907%
01/05/21;Papua;Papua Barat;9726;15,172943;0,877%
01/05/21;Papua;Papua;22449;36,41992866;1,538%
01/06/21;Jawa;Banten;997598;2020,458486;1,486%
01/06/21;Jawa;DKI Jakarta;13103667;6387,651979;1,304%
01/06/21;Jawa;Jawa Barat;3447516;5878,777097;1,682%
01/06/21;Jawa;Jawa Tengah;1125123;1691,096148;1,826%
01/06/21;Jawa;DI Yogyakarta;176802;252,408421;2,207%
01/06/21;Jawa;Jawa Timur;1498066;2744,444327;1,810%
01/06/21;Sumatera;Nangroe Aceh Darussalam;51509;91,61014672;1,378%
01/06/21;Sumatera;Lampung;217768;338,0856076;2,053%
01/06/21;Sumatera;Sumatera Utara;354766;552,7533209;1,650%
01/06/21;Sumatera;Sumatera Barat;131249;221,8916715;0,888%
01/06/21;Sumatera;Riau;145329;233,1570181;1,122%
01/06/21;Sumatera;Kepulauan Riau;99426;156,3323439;1,076%
01/06/21;Sumatera;Kepualauan Bangka Belitung;30202;65,18426192;0,855%
01/06/21;Sumatera;Jambi;85143;138,0140469;1,205%
01/06/21;Sumatera;Sumatera Selatan;264442;389,031782;1,460%
01/06/21;Sumatera;Bengkulu;37292;53,4910566;1,256%
01/06/21;Kalimantan;Kalimantan Barat;93890;153,7547752;1,321%
01/06/21;Kalimantan;Kalimantan Tengah;56750;109,1547204;1,005%
01/06/21;Kalimantan;Kalimantan Utara;13253;23,61903812;1,420%
01/06/21;Kalimantan;Kalimantan Timur;142933;235,3678698;1,275%
01/06/21;Kalimantan;Kalimantan Selatan;116761;169,0873715;1,522%
01/06/21;Sulawesi;Sulawesi Utara;84809;133,5656673;1,132%
01/06/21;Sulawesi;Gorontalo;22885;63,27713893;0,967%
01/06/21;Sulawesi;Sulawesi Tengah;50518;102,4484844;1,031%
01/06/21;Sulawesi;Sulawesi Barat;16092;33,05913925;1,352%
01/06/21;Sulawesi;Sulawesi Selatan;211899;439,0929529;1,424%
01/06/21;Sulawesi;Sulawesi Tenggara;39130;81,6477265;0,802%
01/06/21;Bali dan Nusa Tenggara;Bali;139389;253,4714858;1,455%
01/06/21;Bali dan Nusa Tenggara;Nusa Tenggara Barat;64970;214,5517772;0,862%
01/06/21;Bali dan Nusa Tenggara;Nusa Tenggara Timur;30175;50,63956223;1,464%
01/06/21;Maluku;Maluku Utara;9278;16,14960155;0,958%
01/06/21;Maluku;Maluku;17899;29,14122093;0,969%
01/06/21;Papua;Papua Barat;9702;16,47915085;0,867%
01/06/21;Papua;Papua;22489;39,00809107;0,930%
01/07/21;Jawa;Banten;1016421;2152,658184;1,736%
01/07/21;Jawa;DKI Jakarta;11664735;6356,340288;1,688%
01/07/21;Jawa;Jawa Barat;3510485;6227,761309;1,940%
01/07/21;Jawa;Jawa Tengah;1154777;1770,088806;1,862%
01/07/21;Jawa;DI Yogyakarta;179181;256,2420008;2,126%
01/07/21;Jawa;Jawa Timur;1526145;2850,96349;2,179%
01/07/21;Sumatera;Nangroe Aceh Darussalam;44828;84,29586288;1,690%
01/07/21;Sumatera;Lampung;230276;357,9804185;2,205%
01/07/21;Sumatera;Sumatera Utara;361784;581,6994478;1,786%
01/07/21;Sumatera;Sumatera Barat;135541;237,4214914;1,046%
01/07/21;Sumatera;Riau;152275;249,9385014;1,379%
01/07/21;Sumatera;Kepulauan Riau;102554;167,2911353;1,352%
01/07/21;Sumatera;Kepualauan Bangka Belitung;32017;67,08116102;1,015%
01/07/21;Sumatera;Jambi;88575;150,0550605;1,299%
01/07/21;Sumatera;Sumatera Selatan;276116;420,6924141;2,324%
01/07/21;Sumatera;Bengkulu;38983;56,24553232;1,775%
01/07/21;Kalimantan;Kalimantan Barat;97422;161,9309819;1,711%
01/07/21;Kalimantan;Kalimantan Tengah;59554;103,4078495;1,280%
01/07/21;Kalimantan;Kalimantan Utara;13882;25,15362903;1,563%
01/07/21;Kalimantan;Kalimantan Timur;147163;241,7702241;1,603%
01/07/21;Kalimantan;Kalimantan Selatan;123716;182,5674056;1,664%
01/07/21;Sulawesi;Sulawesi Utara;90715;145,3310711;1,374%
01/07/21;Sulawesi;Gorontalo;24587;65,91570228;0,925%
01/07/21;Sulawesi;Sulawesi Tengah;54166;113,330651;1,390%
01/07/21;Sulawesi;Sulawesi Barat;16977;33,8338543;1,582%
01/07/21;Sulawesi;Sulawesi Selatan;218564;450,0683234;1,498%
01/07/21;Sulawesi;Sulawesi Tenggara;41531;87,64900727;0,950%
01/07/21;Bali dan Nusa Tenggara;Bali;142505;262,0191451;1,717%
01/07/21;Bali dan Nusa Tenggara;Nusa Tenggara Barat;65655;198,3878852;1,140%
01/07/21;Bali dan Nusa Tenggara;Nusa Tenggara Timur;30993;52,54141764;1,763%
01/07/21;Maluku;Maluku Utara;9747;17,04682197;1,054%
01/07/21;Maluku;Maluku;18041;29,39966912;1,165%
01/07/21;Papua;Papua Barat;10062;17,29497694;0,927%
01/07/21;Papua;Papua;23325;41,9711647;1,162%
01/08/21;Jawa;Banten;1094833;2327,012164;1,643%
01/08/21;Jawa;DKI Jakarta;9697641;6666,898235;1,762%
01/08/21;Jawa;Jawa Barat;3772533;6797,151209;1,792%
01/08/21;Jawa;Jawa Tengah;1222513;1913,524064;1,925%
01/08/21;Jawa;DI Yogyakarta;189132;279,934665;1,972%
01/08/21;Jawa;Jawa Timur;1609933;3079,573954;1,991%
01/08/21;Sumatera;Nangroe Aceh Darussalam;44467;95,58427513;1,733%
01/08/21;Sumatera;Lampung;249793;397,9886208;2,101%
01/08/21;Sumatera;Sumatera Utara;385587;632,9354526;1,551%
01/08/21;Sumatera;Sumatera Barat;143665;264,6408157;1,105%
01/08/21;Sumatera;Riau;162945;274,1697653;1,448%
01/08/21;Sumatera;Kepulauan Riau;112313;188,2124199;1,346%
01/08/21;Sumatera;Kepualauan Bangka Belitung;34462;74,42344454;1,061%
01/08/21;Sumatera;Jambi;95852;171,4350385;1,344%
01/08/21;Sumatera;Sumatera Selatan;299336;470,0694537;2,217%
01/08/21;Sumatera;Bengkulu;42722;59,63335274;1,955%
01/08/21;Kalimantan;Kalimantan Barat;106277;175,0525197;1,783%
01/08/21;Kalimantan;Kalimantan Tengah;64932;111,3960867;1,340%
01/08/21;Kalimantan;Kalimantan Utara;14894;27,44678296;1,438%
01/08/21;Kalimantan;Kalimantan Timur;156622;258,3926137;1,759%
01/08/21;Kalimantan;Kalimantan Selatan;134222;204,7534229;1,599%
01/08/21;Sulawesi;Sulawesi Utara;96900;161,6224554;1,418%
01/08/21;Sulawesi;Gorontalo;26580;81,13954097;0,793%
01/08/21;Sulawesi;Sulawesi Tengah;59193;127,2719899;1,285%
01/08/21;Sulawesi;Sulawesi Barat;18065;39,50963521;1,162%
01/08/21;Sulawesi;Sulawesi Selatan;229958;467,6045205;1,412%
01/08/21;Sulawesi;Sulawesi Tenggara;44315;94,66320689;0,905%
01/08/21;Bali dan Nusa Tenggara;Bali;151990;284,1590967;1,939%
01/08/21;Bali dan Nusa Tenggara;Nusa Tenggara Barat;69098;197,6183073;1,821%
01/08/21;Bali dan Nusa Tenggara;Nusa Tenggara Timur;33283;56,97678879;1,602%
01/08/21;Maluku;Maluku Utara;10717;21,01186447;0,778%
01/08/21;Maluku;Maluku;19705;33,01919066;1,029%
01/08/21;Papua;Papua Barat;10971;18,54750824;1,086%
01/08/21;Papua;Papua;24526;44,49305585;1,567%
01/09/21;Jawa;Banten;1084912;2455,429789;1,710%
01/09/21;Jawa;DKI Jakarta;12333386;7035,972546;2,018%
01/09/21;Jawa;Jawa Barat;3737467;7144,036049;1,862%
01/09/21;Jawa;Jawa Tengah;1190247;2013,272005;1,990%
01/09/21;Jawa;DI Yogyakarta;184373;300,7674222;2,044%
01/09/21;Jawa;Jawa Timur;1571059;3226,339788;2,146%
01/09/21;Sumatera;Nangroe Aceh Darussalam;43000;93,37180421;2,177%
01/09/21;Sumatera;Lampung;246109;427,4429267;2,141%
01/09/21;Sumatera;Sumatera Utara;381174;675,3282353;1,685%
01/09/21;Sumatera;Sumatera Barat;143354;288,2914432;1,046%
01/09/21;Sumatera;Riau;157767;287,3958915;1,510%
01/09/21;Sumatera;Kepulauan Riau;110484;201,0086769;1,482%
01/09/21;Sumatera;Kepualauan Bangka Belitung;31294;64,7336514;1,554%
01/09/21;Sumatera;Jambi;91996;173,8077755;1,404%
01/09/21;Sumatera;Sumatera Selatan;292309;499,2214934;1,774%
01/09/21;Sumatera;Bengkulu;39711;61,59361059;2,335%
01/09/21;Kalimantan;Kalimantan Barat;101169;183,416631;2,113%
01/09/21;Kalimantan;Kalimantan Tengah;61695;115,7047226;1,690%
01/09/21;Kalimantan;Kalimantan Utara;14302;30,16035959;1,601%
01/09/21;Kalimantan;Kalimantan Timur;152118;273,9350017;1,813%
01/09/21;Kalimantan;Kalimantan Selatan;125826;217,3300601;1,814%
01/09/21;Sulawesi;Sulawesi Utara;97947;174,6830927;1,492%
01/09/21;Sulawesi;Gorontalo;26452;83,60425814;0,945%
01/09/21;Sulawesi;Sulawesi Tengah;60836;140,3414454;1,137%
01/09/21;Sulawesi;Sulawesi Barat;18256;42,23536434;1,204%
01/09/21;Sulawesi;Sulawesi Selatan;224821;488,686537;1,650%
01/09/21;Sulawesi;Sulawesi Tenggara;44137;96,20673482;0,966%
01/09/21;Bali dan Nusa Tenggara;Bali;147531;317,128617;1,667%
01/09/21;Bali dan Nusa Tenggara;Nusa Tenggara Barat;63087;186,9115719;2,520%
01/09/21;Bali dan Nusa Tenggara;Nusa Tenggara Timur;33832;60,33749758;1,645%
01/09/21;Maluku;Maluku Utara;10832;22,44342871;0,684%
01/09/21;Maluku;Maluku;20497;35,81193901;1,076%
01/09/21;Papua;Papua Barat;11349;19,87322465;1,411%
01/09/21;Papua;Papua;25376;47,15708408;1,463%
01/10/21;Jawa;Banten;945628;2471,131165;1,898%
01/10/21;Jawa;DKI Jakarta;10906012;7282,198526;2,309%
01/10/21;Jawa;Jawa Barat;3167345;7164,133404;2,122%
01/10/21;Jawa;Jawa Tengah;956210;1960,36937;2,223%
01/10/21;Jawa;DI Yogyakarta;156673;307,3895278;2,180%
01/10/21;Jawa;Jawa Timur;1342251;3287,004162;2,420%
01/10/21;Sumatera;Nangroe Aceh Darussalam;39376;92,56209021;3,059%
01/10/21;Sumatera;Lampung;209994;439,617194;2,276%
01/10/21;Sumatera;Sumatera Utara;341444;684,1715539;1,746%
01/10/21;Sumatera;Sumatera Barat;130143;300,2209931;1,167%
01/10/21;Sumatera;Riau;139506;296,9910258;1,586%
01/10/21;Sumatera;Kepulauan Riau;100026;208,3880399;1,736%
01/10/21;Sumatera;Kepualauan Bangka Belitung;24255;63,63474407;1,818%
01/10/21;Sumatera;Jambi;79901;182,6202082;1,578%
01/10/21;Sumatera;Sumatera Selatan;255596;509,9431246;1,874%
01/10/21;Sumatera;Bengkulu;32199;61,55622775;2,532%
01/10/21;Kalimantan;Kalimantan Barat;86792;186,2983766;2,228%
01/10/21;Kalimantan;Kalimantan Tengah;53726;117,7854092;1,999%
01/10/21;Kalimantan;Kalimantan Utara;13858;31,64163563;1,921%
01/10/21;Kalimantan;Kalimantan Timur;136927;277,4784014;1,965%
01/10/21;Kalimantan;Kalimantan Selatan;104638;223,3778572;2,041%
01/10/21;Sulawesi;Sulawesi Utara;90191;180,2978312;1,711%
01/10/21;Sulawesi;Gorontalo;24054;83,03272251;1,070%
01/10/21;Sulawesi;Sulawesi Tengah;60396;149,8404513;1,133%
01/10/21;Sulawesi;Sulawesi Barat;17765;46,88684986;1,123%
01/10/21;Sulawesi;Sulawesi Selatan;207913;490,4832892;1,744%
01/10/21;Sulawesi;Sulawesi Tenggara;41782;98,73647036;1,022%
01/10/21;Bali dan Nusa Tenggara;Bali;136123;328,6827051;1,940%
01/10/21;Bali dan Nusa Tenggara;Nusa Tenggara Barat;53080;186,4441509;1,485%
01/10/21;Bali dan Nusa Tenggara;Nusa Tenggara Timur;31153;62,55014407;1,752%
01/10/21;Maluku;Maluku Utara;10057;22,89196637;0,924%
01/10/21;Maluku;Maluku;19329;37,31927742;1,235%
01/10/21;Papua;Papua Barat;11026;20,75984461;1,494%
01/10/21;Papua;Papua;24429;48,66326479;1,407%
01/11/21;Jawa;Banten;927578;2610,419736;2,013%
01/11/21;Jawa;DKI Jakarta;12047750;7756,452888;2,316%
01/11/21;Jawa;Jawa Barat;3073376;7310,015594;2,360%
01/11/21;Jawa;Jawa Tengah;910686;2022,776392;2,277%
01/11/21;Jawa;DI Yogyakarta;153480;315,7396389;2,210%
01/11/21;Jawa;Jawa Timur;1317254;3456,206943;2,561%
01/11/21;Sumatera;Nangroe Aceh Darussalam;35029;89,64041392;3,218%
01/11/21;Sumatera;Lampung;206058;460,7274982;2,267%
01/11/21;Sumatera;Sumatera Utara;336192;714,0512551;1,838%
01/11/21;Sumatera;Sumatera Barat;129138;314,1786524;1,256%
01/11/21;Sumatera;Riau;138983;310,259233;1,639%
01/11/21;Sumatera;Kepulauan Riau;102246;221,4078578;1,889%
01/11/21;Sumatera;Kepualauan Bangka Belitung;24247;70,28678583;1,902%
01/11/21;Sumatera;Jambi;79652;188,0736193;1,681%
01/11/21;Sumatera;Sumatera Selatan;255219;530,0783014;2,053%
01/11/21;Sumatera;Bengkulu;30761;62,54838135;2,589%
01/11/21;Kalimantan;Kalimantan Barat;85070;191,3419692;2,458%
01/11/21;Kalimantan;Kalimantan Tengah;52937;122,243459;2,025%
01/11/21;Kalimantan;Kalimantan Utara;14335;31,71683079;2,037%
01/11/21;Kalimantan;Kalimantan Timur;135440;289,3732528;1,978%
01/11/21;Kalimantan;Kalimantan Selatan;104574;228,8300809;2,284%
01/11/21;Sulawesi;Sulawesi Utara;87131;187,6562598;1,909%
01/11/21;Sulawesi;Gorontalo;22652;83,66029851;1,094%
01/11/21;Sulawesi;Sulawesi Tengah;60008;148,4389758;1,257%
01/11/21;Sulawesi;Sulawesi Barat;17487;46,02193299;1,222%
01/11/21;Sulawesi;Sulawesi Selatan;207020;542,9501148;1,727%
01/11/21;Sulawesi;Sulawesi Tenggara;40937;98,32218751;1,162%
01/11/21;Bali dan Nusa Tenggara;Bali;136343;337,2278105;2,085%
01/11/21;Bali dan Nusa Tenggara;Nusa Tenggara Barat;52585;191,2226417;1,636%
01/11/21;Bali dan Nusa Tenggara;Nusa Tenggara Timur;30271;63,30582925;1,788%
01/11/21;Maluku;Maluku Utara;9844;21,51633526;1,299%
01/11/21;Maluku;Maluku;18757;38,43629387;4,595%
01/11/21;Papua;Papua Barat;10847;21,57070189;1,565%
01/11/21;Papua;Papua;23685;50,2020816;1,403%
01/12/21;Jawa;Banten;930711;2631,39206;2,039%
01/12/21;Jawa;DKI Jakarta;8412990;8095,400013;2,314%
01/12/21;Jawa;Jawa Barat;3090360;7382,604351;2,465%
01/12/21;Jawa;Jawa Tengah;901834;2014,738143;2,410%
01/12/21;Jawa;DI Yogyakarta;156525;321,2035144;2,190%
01/12/21;Jawa;Jawa Timur;1314933;3599,845343;2,440%
01/12/21;Sumatera;Nangroe Aceh Darussalam;32834;77,89175646;3,165%
01/12/21;Sumatera;Lampung;208968;467,2893291;2,401%
01/12/21;Sumatera;Sumatera Utara;342361;737,7892252;1,971%
01/12/21;Sumatera;Sumatera Barat;133994;322,2622672;1,379%
01/12/21;Sumatera;Riau;142855;314,3770061;1,834%
01/12/21;Sumatera;Kepulauan Riau;105930;233,3904962;2,040%
01/12/21;Sumatera;Kepualauan Bangka Belitung;24456;71,81062743;2,007%
01/12/21;Sumatera;Jambi;82053;188,467604;1,896%
01/12/21;Sumatera;Sumatera Selatan;260284;541,7972861;2,214%
01/12/21;Sumatera;Bengkulu;30568;61,91482175;2,959%
01/12/21;Kalimantan;Kalimantan Barat;85119;192,7518305;2,488%
01/12/21;Kalimantan;Kalimantan Tengah;52882;119,0195203;2,284%
01/12/21;Kalimantan;Kalimantan Utara;14507;31,2829528;2,044%
01/12/21;Kalimantan;Kalimantan Timur;136232;296,024666;2,137%
01/12/21;Kalimantan;Kalimantan Selatan;106626;224,0150583;2,617%
01/12/21;Sulawesi;Sulawesi Utara;84598;187,97503;2,584%
01/12/21;Sulawesi;Gorontalo;21920;85,15101874;1,058%
01/12/21;Sulawesi;Sulawesi Tengah;60225;156,1258704;1,245%
01/12/21;Sulawesi;Sulawesi Barat;17714;47,06967857;1,250%
01/12/21;Sulawesi;Sulawesi Selatan;212571;617,9015648;1,641%
01/12/21;Sulawesi;Sulawesi Tenggara;40829;101,8078635;1,170%
01/12/21;Bali dan Nusa Tenggara;Bali;138693;363,5477142;1,989%
01/12/21;Bali dan Nusa Tenggara;Nusa Tenggara Barat;53770;203,4548098;1,601%
01/12/21;Bali dan Nusa Tenggara;Nusa Tenggara Timur;29327;63,75164488;1,967%
01/12/21;Maluku;Maluku Utara;9762;19,31993438;1,739%
01/12/21;Maluku;Maluku;18068;40,03395658;4,541%
01/12/21;Papua;Papua Barat;10458;20,9968157;1,688%
01/12/21;Papua;Papua;22284;47,93760266;1,488%
01/01/22;Jawa;Banten;976949;2766,443284;2,168%
01/01/22;Jawa;DKI Jakarta;5230378;8398,591277;2,336%
01/01/22;Jawa;Jawa Barat;3271672;7837,390984;2,821%
01/01/22;Jawa;Jawa Tengah;939523;2082,442673;2,948%
01/01/22;Jawa;DI Yogyakarta;163463;346,2837623;2,325%
01/01/22;Jawa;Jawa Timur;1363717;3758,157613;2,866%
01/01/22;Sumatera;Nangroe Aceh Darussalam;33901;77,9357769;2,906%
01/01/22;Sumatera;Lampung;215522;480,5031284;2,644%
01/01/22;Sumatera;Sumatera Utara;351040;771,623067;2,179%
01/01/22;Sumatera;Sumatera Barat;139369;337,6581291;1,412%
01/01/22;Sumatera;Riau;148295;321,0360837;2,078%
01/01/22;Sumatera;Kepulauan Riau;109864;244,5829309;2,201%
01/01/22;Sumatera;Kepualauan Bangka Belitung;25319;76,75747108;2,081%
01/01/22;Sumatera;Jambi;85227;195,0466912;2,163%
01/01/22;Sumatera;Sumatera Selatan;268834;565,8649689;2,294%
01/01/22;Sumatera;Bengkulu;31780;65,27601118;2,920%
01/01/22;Kalimantan;Kalimantan Barat;88333;202,0930718;2,609%
01/01/22;Kalimantan;Kalimantan Tengah;55430;123,7127476;2,325%
01/01/22;Kalimantan;Kalimantan Utara;14852;32,00979664;2,357%
01/01/22;Kalimantan;Kalimantan Timur;143150;302,0041012;2,402%
01/01/22;Kalimantan;Kalimantan Selatan;113285;232,2230559;2,912%
01/01/22;Sulawesi;Sulawesi Utara;86812;195,8183236;2,199%
01/01/22;Sulawesi;Gorontalo;22963;87,72529204;1,204%
01/01/22;Sulawesi;Sulawesi Tengah;61990;158,3762844;1,374%
01/01/22;Sulawesi;Sulawesi Barat;18799;48,88513716;1,338%
01/01/22;Sulawesi;Sulawesi Selatan;222686;607,7358924;2,189%
01/01/22;Sulawesi;Sulawesi Tenggara;41589;99,2479285;1,363%
01/01/22;Bali dan Nusa Tenggara;Bali;144908;383,3639773;2,144%
01/01/22;Bali dan Nusa Tenggara;Nusa Tenggara Barat;56324;217,6533282;1,549%
01/01/22;Bali dan Nusa Tenggara;Nusa Tenggara Timur;29921;64,73421212;2,072%
01/01/22;Maluku;Maluku Utara;10081;22,38601891;1,631%
01/01/22;Maluku;Maluku;18507;39,8621406;4,736%
01/01/22;Papua;Papua Barat;10266;21,24957459;1,832%
01/01/22;Papua;Papua;22864;50,22981246;1,705%
01/02/22;Jawa;Banten;1009108;3053,503208;2,172%
01/02/22;Jawa;DKI Jakarta;2774459;8908,711898;2,183%
01/02/22;Jawa;Jawa Barat;3409623;8715,215415;2,645%
01/02/22;Jawa;Jawa Tengah;970801;2392,126914;2,627%
01/02/22;Jawa;DI Yogyakarta;171095;405,4166253;2,139%
01/02/22;Jawa;Jawa Timur;1407334;4233,965115;2,694%
01/02/22;Sumatera;Nangroe Aceh Darussalam;35456;87,03431989;1,370%
01/02/22;Sumatera;Lampung;223216;537,1178617;2,478%
01/02/22;Sumatera;Sumatera Utara;364956;866,5374012;1,977%
01/02/22;Sumatera;Sumatera Barat;146568;384,2936552;1,312%
01/02/22;Sumatera;Riau;155712;373,9118864;1,887%
01/02/22;Sumatera;Kepulauan Riau;116308;284,3524478;2,095%
01/02/22;Sumatera;Kepualauan Bangka Belitung;26845;90,81404592;1,871%
01/02/22;Sumatera;Jambi;89446;227,1387748;2,050%
01/02/22;Sumatera;Sumatera Selatan;279742;656,1833708;2,391%
01/02/22;Sumatera;Bengkulu;33637;78,15625863;2,674%
01/02/22;Kalimantan;Kalimantan Barat;92253;235,0695345;2,449%
01/02/22;Kalimantan;Kalimantan Tengah;58793;152,2867075;2,074%
01/02/22;Kalimantan;Kalimantan Utara;15740;38,61122589;2,022%
01/02/22;Kalimantan;Kalimantan Timur;150527;367,6199629;2,121%
01/02/22;Kalimantan;Kalimantan Selatan;120332;301,0703173;2,403%
01/02/22;Sulawesi;Sulawesi Utara;90392;222,261733;2,020%
01/02/22;Sulawesi;Gorontalo;24492;97,95042351;1,060%
01/02/22;Sulawesi;Sulawesi Tengah;64633;170,0212907;1,169%
01/02/22;Sulawesi;Sulawesi Barat;19389;52,31519148;1,264%
01/02/22;Sulawesi;Sulawesi Selatan;233421;699,8454913;1,640%
01/02/22;Sulawesi;Sulawesi Tenggara;42874;112,2720106;1,135%
01/02/22;Bali dan Nusa Tenggara;Bali;151259;426,9264436;2,102%
01/02/22;Bali dan Nusa Tenggara;Nusa Tenggara Barat;59192;244,5848314;1,481%
01/02/22;Bali dan Nusa Tenggara;Nusa Tenggara Timur;31587;71,2651348;1,934%
01/02/22;Maluku;Maluku Utara;10766;26,60422527;1,432%
01/02/22;Maluku;Maluku;19745;43,40494454;1,653%
01/02/22;Papua;Papua Barat;10840;23,39740118;1,552%
01/02/22;Papua;Papua;24336;55,28229548;1,477%
01/03/22;Jawa;Banten;1088062;3284,956593;2,252%
01/03/22;Jawa;DKI Jakarta;2539299;9680,271962;2,234%
01/03/22;Jawa;Jawa Barat;3585136;9409,659977;2,598%
01/03/22;Jawa;Jawa Tengah;1039512;2579,654334;2,549%
01/03/22;Jawa;DI Yogyakarta;183780;436,3396851;2,073%
01/03/22;Jawa;Jawa Timur;1536292;4604,927342;2,572%
01/03/22;Sumatera;Nangroe Aceh Darussalam;37162;82,00262273;1,296%
01/03/22;Sumatera;Lampung;234411;560,8891103;2,583%
01/03/22;Sumatera;Sumatera Utara;387418;922,3646976;1,874%
01/03/22;Sumatera;Sumatera Barat;155467;405,5102097;1,261%
01/03/22;Sumatera;Riau;164905;399,0171896;1,751%
01/03/22;Sumatera;Kepulauan Riau;125289;309,5692578;2,420%
01/03/22;Sumatera;Kepualauan Bangka Belitung;28268;95,44978729;1,773%
01/03/22;Sumatera;Jambi;95159;246,0773218;1,775%
01/03/22;Sumatera;Sumatera Selatan;296667;698,3199716;2,126%
01/03/22;Sumatera;Bengkulu;36416;84,64563304;2,537%
01/03/22;Kalimantan;Kalimantan Barat;99387;258,2412342;2,400%
01/03/22;Kalimantan;Kalimantan Tengah;63232;173,6072854;1,855%
01/03/22;Kalimantan;Kalimantan Utara;16846;41,30842921;1,987%
01/03/22;Kalimantan;Kalimantan Timur;162392;401,7774741;1,870%
01/03/22;Kalimantan;Kalimantan Selatan;129403;324,9126049;2,388%
01/03/22;Sulawesi;Sulawesi Utara;97448;244,7954725;1,787%
01/03/22;Sulawesi;Gorontalo;26328;105,4068718;1,156%
01/03/22;Sulawesi;Sulawesi Tengah;67544;178,4708377;1,132%
01/03/22;Sulawesi;Sulawesi Barat;20362;55,10930657;1,130%
01/03/22;Sulawesi;Sulawesi Selatan;249224;735,0309977;1,318%
01/03/22;Sulawesi;Sulawesi Tenggara;45426;118,6988493;1,094%
01/03/22;Bali dan Nusa Tenggara;Bali;161898;454,5316893;1,934%
01/03/22;Bali dan Nusa Tenggara;Nusa Tenggara Barat;62851;262,8691752;2,285%
01/03/22;Bali dan Nusa Tenggara;Nusa Tenggara Timur;34867;76,97678161;1,984%
01/03/22;Maluku;Maluku Utara;11591;28,61709466;1,236%
01/03/22;Maluku;Maluku;21298;46,75719203;1,363%
01/03/22;Papua;Papua Barat;11761;24,89352704;1,421%
01/03/22;Papua;Papua;26534;59,08986373;1,380%
01/04/22;Jawa;Banten;1140607;3231,485961;2,377%
01/04/22;Jawa;DKI Jakarta;2670380;9943,277942;2,054%
01/04/22;Jawa;Jawa Barat;3737471;9671,303893;2,668%
01/04/22;Jawa;Jawa Tengah;1118457;2767,295334;2,434%
01/04/22;Jawa;DI Yogyakarta;201506;477,3495015;2,025%
01/04/22;Jawa;Jawa Timur;1605471;4915,847601;2,549%
01/04/22;Sumatera;Nangroe Aceh Darussalam;39101;95,80544428;1,041%
01/04/22;Sumatera;Lampung;245842;580,8542092;2,884%
01/04/22;Sumatera;Sumatera Utara;407828;929,4749527;1,948%
01/04/22;Sumatera;Sumatera Barat;163282;417,2754462;1,321%
01/04/22;Sumatera;Riau;175120;407,6935635;1,786%
01/04/22;Sumatera;Kepulauan Riau;134307;322,1368425;2,493%
01/04/22;Sumatera;Kepualauan Bangka Belitung;30170;100,7212442;1,876%
01/04/22;Sumatera;Jambi;100787;258,4301242;1,858%
01/04/22;Sumatera;Sumatera Selatan;305132;723,4794142;2,189%
01/04/22;Sumatera;Bengkulu;38690;89,34098559;2,639%
01/04/22;Kalimantan;Kalimantan Barat;106321;274,1259262;2,460%
01/04/22;Kalimantan;Kalimantan Tengah;67974;179,9772695;2,085%
01/04/22;Kalimantan;Kalimantan Utara;17905;42,59638384;2,185%
01/04/22;Kalimantan;Kalimantan Timur;173360;425,3777131;1,859%
01/04/22;Kalimantan;Kalimantan Selatan;135437;339,6692188;2,509%
01/04/22;Sulawesi;Sulawesi Utara;105579;257,3552271;1,801%
01/04/22;Sulawesi;Gorontalo;27956;109,2740209;1,373%
01/04/22;Sulawesi;Sulawesi Tengah;70068;177,6957993;1,565%
01/04/22;Sulawesi;Sulawesi Barat;21428;54,37289148;1,335%
01/04/22;Sulawesi;Sulawesi Selatan;262756;776,9063918;1,489%
01/04/22;Sulawesi;Sulawesi Tenggara;47906;122,1264038;1,153%
01/04/22;Bali dan Nusa Tenggara;Bali;177492;460,2432582;1,816%
01/04/22;Bali dan Nusa Tenggara;Nusa Tenggara Barat;67030;275,759324;2,261%
01/04/22;Bali dan Nusa Tenggara;Nusa Tenggara Timur;38887;83,95577756;1,977%
01/04/22;Maluku;Maluku Utara;12461;29,85900985;1,413%
01/04/22;Maluku;Maluku;23360;49,54840781;1,466%
01/04/22;Papua;Papua Barat;13344;27,02590908;1,472%
01/04/22;Papua;Papua;29300;63,17375318;1,372%
01/05/22;Jawa;Banten;1254828;3317,067376;2,552%
01/05/22;Jawa;DKI Jakarta;3439263;10896,19916;2,095%
01/05/22;Jawa;Jawa Barat;4093877;9884,398763;2,606%
01/05/22;Jawa;Jawa Tengah;1243213;2803,978718;2,311%
01/05/22;Jawa;DI Yogyakarta;225224;488,8912824;1,909%
01/05/22;Jawa;Jawa Timur;1746086;4991,018667;2,389%
01/05/22;Sumatera;Nangroe Aceh Darussalam;43396;106,7271069;1,157%
01/05/22;Sumatera;Lampung;265850;569,5134949;2,814%
01/05/22;Sumatera;Sumatera Utara;445737;950,9016765;1,966%
01/05/22;Sumatera;Sumatera Barat;175149;419,1927885;1,480%
01/05/22;Sumatera;Riau;192378;417,059219;1,739%
01/05/22;Sumatera;Kepulauan Riau;149026;328,4923664;2,111%
01/05/22;Sumatera;Kepualauan Bangka Belitung;39027;112,0637636;1,799%
01/05/22;Sumatera;Jambi;110893;260,5577872;1,827%
01/05/22;Sumatera;Sumatera Selatan;329373;726,7994831;2,163%
01/05/22;Sumatera;Bengkulu;42400;89,27079814;2,844%
01/05/22;Kalimantan;Kalimantan Barat;118380;274,5732761;2,427%
01/05/22;Kalimantan;Kalimantan Tengah;77151;182,7725742;2,081%
01/05/22;Kalimantan;Kalimantan Utara;19689;42,36920779;2,664%
01/05/22;Kalimantan;Kalimantan Timur;194724;432,0015523;2,064%
01/05/22;Kalimantan;Kalimantan Selatan;150569;339,1037362;2,444%
01/05/22;Sulawesi;Sulawesi Utara;117694;269,1424224;1,838%
01/05/22;Sulawesi;Gorontalo;31212;110,4893789;1,783%
01/05/22;Sulawesi;Sulawesi Tengah;75558;179,531129;1,468%
01/05/22;Sulawesi;Sulawesi Barat;22737;54,97941747;1,205%
01/05/22;Sulawesi;Sulawesi Selatan;286004;760,6344228;1,552%
01/05/22;Sulawesi;Sulawesi Tenggara;51864;127,4276048;1,013%
01/05/22;Bali dan Nusa Tenggara;Bali;194882;482,7416966;1,661%
01/05/22;Bali dan Nusa Tenggara;Nusa Tenggara Barat;74157;282,103339;2,810%
01/05/22;Bali dan Nusa Tenggara;Nusa Tenggara Timur;44553;88,60125405;1,868%
01/05/22;Maluku;Maluku Utara;14102;31,73680628;1,318%
01/05/22;Maluku;Maluku;26695;52,82232168;1,619%
01/05/22;Papua;Papua Barat;15285;28,99580033;1,346%
01/05/22;Papua;Papua;33395;67,8890328;1,242%
01/06/22;Jawa;Banten;1346904;3940,056616;2,623%
01/06/22;Jawa;DKI Jakarta;2558051;11344,67109;2,416%
01/06/22;Jawa;Jawa Barat;4344929;11302,36525;2,753%
01/06/22;Jawa;Jawa Tengah;1332866;3119,039346;3,079%
01/06/22;Jawa;DI Yogyakarta;238675;541,6236033;2,049%
01/06/22;Jawa;Jawa Timur;1849577;5485,921603;2,495%
01/06/22;Sumatera;Nangroe Aceh Darussalam;45954;105,2228425;1,357%
01/06/22;Sumatera;Lampung;277207;639,6584184;3,116%
01/06/22;Sumatera;Sumatera Utara;473505;1063,640127;1,987%
01/06/22;Sumatera;Sumatera Barat;185121;451,8162483;1,542%
01/06/22;Sumatera;Riau;206190;463,4063776;1,943%
01/06/22;Sumatera;Kepulauan Riau;159346;363,290522;2,373%
01/06/22;Sumatera;Kepualauan Bangka Belitung;41941;133,289568;1,838%
01/06/22;Sumatera;Jambi;117498;284,9522413;2,170%
01/06/22;Sumatera;Sumatera Selatan;346777;802,9691871;2,497%
01/06/22;Sumatera;Bengkulu;45289;98,98632771;3,424%
01/06/22;Kalimantan;Kalimantan Barat;128506;297,0240531;2,837%
01/06/22;Kalimantan;Kalimantan Tengah;82860;200,2990131;2,472%
01/06/22;Kalimantan;Kalimantan Utara;21222;46,23530039;3,037%
01/06/22;Kalimantan;Kalimantan Timur;209706;491,5032234;2,188%
01/06/22;Kalimantan;Kalimantan Selatan;162146;390,6568966;2,899%
01/06/22;Sulawesi;Sulawesi Utara;127117;292,528907;2,171%
01/06/22;Sulawesi;Gorontalo;34388;117,7241339;2,017%
01/06/22;Sulawesi;Sulawesi Tengah;79962;191,7595994;1,169%
01/06/22;Sulawesi;Sulawesi Barat;23994;59,7585016;1,299%
01/06/22;Sulawesi;Sulawesi Selatan;303344;832,5821472;1,860%
01/06/22;Sulawesi;Sulawesi Tenggara;54936;137,5752827;1,089%
01/06/22;Bali dan Nusa Tenggara;Bali;207879;550,0329766;1,870%
01/06/22;Bali dan Nusa Tenggara;Nusa Tenggara Barat;80095;303,3986249;2,285%
01/06/22;Bali dan Nusa Tenggara;Nusa Tenggara Timur;48630;97,97606982;2,094%
01/06/22;Maluku;Maluku Utara;15675;34,7876965;1,634%
01/06/22;Maluku;Maluku;29205;55,61999152;2,053%
01/06/22;Papua;Papua Barat;16809;29,43110277;1,393%
01/06/22;Papua;Papua;37080;70,45889189;1,429%
01/07/22;Jawa;Banten;1444035;4077,000284;2,869%
01/07/22;Jawa;DKI Jakarta;2678252;11386,19685;2,427%
01/07/22;Jawa;Jawa Barat;4635589;11662,91739;2,897%
01/07/22;Jawa;Jawa Tengah;1459498;3293,558773;2,836%
01/07/22;Jawa;DI Yogyakarta;256908;585,5840855;2,310%
01/07/22;Jawa;Jawa Timur;1960056;5681,404703;2,805%
01/07/22;Sumatera;Nangroe Aceh Darussalam;48044;100,575703;1,222%
01/07/22;Sumatera;Lampung;289667;668,1954938;3,439%
01/07/22;Sumatera;Sumatera Utara;502124;1115,577487;2,138%
01/07/22;Sumatera;Sumatera Barat;199422;495,1133978;1,539%
01/07/22;Sumatera;Riau;221304;480,5463395;2,213%
01/07/22;Sumatera;Kepulauan Riau;170368;374,7369381;2,707%
01/07/22;Sumatera;Kepualauan Bangka Belitung;45190;136,5491506;1,999%
01/07/22;Sumatera;Jambi;125132;305,311627;2,416%
01/07/22;Sumatera;Sumatera Selatan;364305;849,6337494;2,762%
01/07/22;Sumatera;Bengkulu;47407;104,6396811;3,780%
01/07/22;Kalimantan;Kalimantan Barat;137063;309,0152912;3,288%
01/07/22;Kalimantan;Kalimantan Tengah;89723;211,2104877;2,849%
01/07/22;Kalimantan;Kalimantan Utara;23000;48,15587437;3,361%
01/07/22;Kalimantan;Kalimantan Timur;225660;523,4493715;2,479%
01/07/22;Kalimantan;Kalimantan Selatan;174324;416,419048;3,236%
01/07/22;Sulawesi;Sulawesi Utara;134866;299,452288;2,431%
01/07/22;Sulawesi;Gorontalo;36592;118,5074909;2,087%
01/07/22;Sulawesi;Sulawesi Tengah;83761;201,5132083;1,492%
01/07/22;Sulawesi;Sulawesi Barat;25260;62,88193624;1,436%
01/07/22;Sulawesi;Sulawesi Selatan;320222;884,3726468;2,379%
01/07/22;Sulawesi;Sulawesi Tenggara;58392;145,6728684;1,255%
01/07/22;Bali dan Nusa Tenggara;Bali;220852;574,7419027;2,031%
01/07/22;Bali dan Nusa Tenggara;Nusa Tenggara Barat;85242;318,6053888;2,956%
01/07/22;Bali dan Nusa Tenggara;Nusa Tenggara Timur;52309;101,3789522;2,245%
01/07/22;Maluku;Maluku Utara;17138;35,92183407;1,798%
01/07/22;Maluku;Maluku;31224;56,73802567;2,313%
01/07/22;Papua;Papua Barat;18574;31,18007458;1,502%
01/07/22;Papua;Papua;40384;73,16861897;1,511%
01/08/22;Jawa;Banten;1519514;4197,554635;2,800%
01/08/22;Jawa;DKI Jakarta;2783199;11677,17028;2,775%
01/08/22;Jawa;Jawa Barat;4898351;11994,43278;3,178%
01/08/22;Jawa;Jawa Tengah;1510267;3398,204003;3,165%
01/08/22;Jawa;DI Yogyakarta;273448;614,3739937;2,542%
01/08/22;Jawa;Jawa Timur;2045286;5869,646008;2,962%
01/08/22;Sumatera;Nangroe Aceh Darussalam;51773;107,9565948;1,448%
01/08/22;Sumatera;Lampung;299788;690,753731;3,514%
01/08/22;Sumatera;Sumatera Utara;529437;1170,167407;2,291%
01/08/22;Sumatera;Sumatera Barat;215223;546,4443439;1,628%
01/08/22;Sumatera;Riau;235333;509,9209129;2,314%
01/08/22;Sumatera;Kepulauan Riau;179963;387,4375786;2,808%
01/08/22;Sumatera;Kepualauan Bangka Belitung;48470;143,1919823;2,071%
01/08/22;Sumatera;Jambi;132058;311,6387892;2,646%
01/08/22;Sumatera;Sumatera Selatan;381171;897,3313333;2,745%
01/08/22;Sumatera;Bengkulu;50184;107,8888242;3,626%
01/08/22;Kalimantan;Kalimantan Barat;144923;319,0027991;3,471%
01/08/22;Kalimantan;Kalimantan Tengah;95782;214,4791042;3,129%
01/08/22;Kalimantan;Kalimantan Utara;24981;50,17200464;2,808%
01/08/22;Kalimantan;Kalimantan Timur;239682;549,7514331;2,564%
01/08/22;Kalimantan;Kalimantan Selatan;185032;430,2787526;3,369%
01/08/22;Sulawesi;Sulawesi Utara;144298;315,3594658;2,444%
01/08/22;Sulawesi;Gorontalo;39052;121,6811739;2,149%
01/08/22;Sulawesi;Sulawesi Tengah;88731;211,3638078;1,568%
01/08/22;Sulawesi;Sulawesi Barat;26915;68,75031775;1,311%
01/08/22;Sulawesi;Sulawesi Selatan;338113;919,2946531;2,348%
01/08/22;Sulawesi;Sulawesi Tenggara;62075;154,1235822;1,282%
01/08/22;Bali dan Nusa Tenggara;Bali;233237;598,5398544;2,158%
01/08/22;Bali dan Nusa Tenggara;Nusa Tenggara Barat;90250;334,982849;3,727%
01/08/22;Bali dan Nusa Tenggara;Nusa Tenggara Timur;56480;106,2990014;2,267%
01/08/22;Maluku;Maluku Utara;18956;38,66559658;1,944%
01/08/22;Maluku;Maluku;34710;62,42426132;4,451%
01/08/22;Papua;Papua Barat;20617;33,20539374;1,848%
01/08/22;Papua;Papua;44457;77,71820079;1,555%
01/09/22;Jawa;Banten;1571603;4327,223751;2,803%
01/09/22;Jawa;DKI Jakarta;2868457;11790,42846;2,805%
01/09/22;Jawa;Jawa Barat;5016688;12430,73626;3,586%
01/09/22;Jawa;Jawa Tengah;1577131;3522,154426;3,422%
01/09/22;Jawa;DI Yogyakarta;289942;642,2246655;2,860%
01/09/22;Jawa;Jawa Timur;2118713;6059,024197;3,217%
01/09/22;Sumatera;Nangroe Aceh Darussalam;55574;109,3439676;1,409%
01/09/22;Sumatera;Lampung;311010;741,1363764;3,488%
01/09/22;Sumatera;Sumatera Utara;552246;1223,136219;2,486%
01/09/22;Sumatera;Sumatera Barat;230106;600,9565381;1,528%
01/09/22;Sumatera;Riau;248176;537,9415768;2,467%
01/09/22;Sumatera;Kepulauan Riau;188792;405,3925145;2,875%
01/09/22;Sumatera;Kepualauan Bangka Belitung;51725;150,251112;2,298%
01/09/22;Sumatera;Jambi;138602;325,8533991;2,816%
01/09/22;Sumatera;Sumatera Selatan;396679;936,58033;3,001%
01/09/22;Sumatera;Bengkulu;52277;112,4179248;3,772%
01/09/22;Kalimantan;Kalimantan Barat;152503;329,6096604;3,725%
01/09/22;Kalimantan;Kalimantan Tengah;102488;223,2607783;3,382%
01/09/22;Kalimantan;Kalimantan Utara;26591;51,8773;2,786%
01/09/22;Kalimantan;Kalimantan Timur;253091;558,5455876;2,679%
01/09/22;Kalimantan;Kalimantan Selatan;194061;446,0647914;3,457%
01/09/22;Sulawesi;Sulawesi Utara;156666;343,2254914;2,413%
01/09/22;Sulawesi;Gorontalo;42367;145,5069469;1,988%
01/09/22;Sulawesi;Sulawesi Tengah;95183;229,6622048;2,002%
01/09/22;Sulawesi;Sulawesi Barat;28523;73,03996125;1,324%
01/09/22;Sulawesi;Sulawesi Selatan;354249;953,66792;2,341%
01/09/22;Sulawesi;Sulawesi Tenggara;66073;163,4095969;1,420%
01/09/22;Bali dan Nusa Tenggara;Bali;244654;619,1741325;2,052%
01/09/22;Bali dan Nusa Tenggara;Nusa Tenggara Barat;95934;344,134886;4,071%
01/09/22;Bali dan Nusa Tenggara;Nusa Tenggara Timur;61157;114,6081262;2,257%
01/09/22;Maluku;Maluku Utara;20970;40,52428552;2,150%
01/09/22;Maluku;Maluku;37990;66,28526257;4,303%
01/09/22;Papua;Papua Barat;23289;36,48641302;1,728%
01/09/22;Papua;Papua;49779;84,80202241;1,762%
01/10/22;Jawa;Banten;1657548;4375,57372;2,569%
01/10/22;Jawa;DKI Jakarta;3039013;11882,3176;3,357%
01/10/22;Jawa;Jawa Barat;5292010;12546,66997;3,459%
01/10/22;Jawa;Jawa Tengah;1685930;3559,061301;2,382%
01/10/22;Jawa;DI Yogyakarta;309591;660,3046725;2,406%
01/10/22;Jawa;Jawa Timur;2231929;6097,597352;2,871%
01/10/22;Sumatera;Nangroe Aceh Darussalam;60442;110,0182357;1,285%
01/10/22;Sumatera;Lampung;326669;753,0782835;2,370%
01/10/22;Sumatera;Sumatera Utara;587467;1268,082292;2,080%
01/10/22;Sumatera;Sumatera Barat;249050;643,5622092;1,442%
01/10/22;Sumatera;Riau;263365;553,214456;1,735%
01/10/22;Sumatera;Kepulauan Riau;200407;418,4610637;2,578%
01/10/22;Sumatera;Kepualauan Bangka Belitung;55539;138,3437307;1,652%
01/10/22;Sumatera;Jambi;145894;329,8014272;1,632%
01/10/22;Sumatera;Sumatera Selatan;414001;957,6359751;2,162%
01/10/22;Sumatera;Bengkulu;55624;114,9810381;2,068%
01/10/22;Kalimantan;Kalimantan Barat;161312;331,6990535;2,297%
01/10/22;Kalimantan;Kalimantan Tengah;109723;225,611081;2,079%
01/10/22;Kalimantan;Kalimantan Utara;27468;52,46770959;1,813%
01/10/22;Kalimantan;Kalimantan Timur;268130;555,3527324;2,164%
01/10/22;Kalimantan;Kalimantan Selatan;204360;449,6203046;2,031%
01/10/22;Sulawesi;Sulawesi Utara;172636;364,5765493;1,815%
01/10/22;Sulawesi;Gorontalo;48413;157,5565445;1,395%
01/10/22;Sulawesi;Sulawesi Tengah;102458;237,727105;1,583%
01/10/22;Sulawesi;Sulawesi Barat;30566;76,54443024;1,156%
01/10/22;Sulawesi;Sulawesi Selatan;372688;969,4158542;2,155%
01/10/22;Sulawesi;Sulawesi Tenggara;71158;170,5728009;0,927%
01/10/22;Bali dan Nusa Tenggara;Bali;259399;633,3680599;1,912%
01/10/22;Bali dan Nusa Tenggara;Nusa Tenggara Barat;101703;346,3761626;3,696%
01/10/22;Bali dan Nusa Tenggara;Nusa Tenggara Timur;67762;120,1911617;1,493%
01/10/22;Maluku;Maluku Utara;23394;41,05662396;1,347%
01/10/22;Maluku;Maluku;42106;68,53799455;3,583%
01/10/22;Papua;Papua Barat;25596;37,66692929;1,261%
01/10/22;Papua;Papua;54857;88,00963692;1,502%
01/11/22;Jawa;Banten;2012890;4463,482419;2,527%
01/11/22;Jawa;DKI Jakarta;3633843;11838,44632;3,037%
01/11/22;Jawa;Jawa Barat;6562166;12878,50305;3,416%
01/11/22;Jawa;Jawa Tengah;2042977;3666,485397;2,412%
01/11/22;Jawa;DI Yogyakarta;373026;686,5746909;2,534%
01/11/22;Jawa;Jawa Timur;2703908;6206,99606;3,039%
01/11/22;Sumatera;Nangroe Aceh Darussalam;86408;98,88477483;1,426%
01/11/22;Sumatera;Lampung;386608;773,0831094;2,485%
01/11/22;Sumatera;Sumatera Utara;728114;1308,363368;1,937%
01/11/22;Sumatera;Sumatera Barat;297302;675,6323639;1,503%
01/11/22;Sumatera;Riau;329089;573,4307581;1,835%
01/11/22;Sumatera;Kepulauan Riau;248961;428,6847799;2,460%
01/11/22;Sumatera;Kepualauan Bangka Belitung;70262;154,2250399;1,747%
01/11/22;Sumatera;Jambi;179896;342,5982373;1,884%
01/11/22;Sumatera;Sumatera Selatan;493665;986,2880206;2,151%
01/11/22;Sumatera;Bengkulu;71576;123,5668814;2,194%
01/11/22;Kalimantan;Kalimantan Barat;195926;337,2142448;2,381%
01/11/22;Kalimantan;Kalimantan Tengah;135783;229,1546458;2,257%
01/11/22;Kalimantan;Kalimantan Utara;35734;52,64964435;2,163%
01/11/22;Kalimantan;Kalimantan Timur;331864;572,197184;2,192%
01/11/22;Kalimantan;Kalimantan Selatan;244691;462,9188685;2,417%
01/11/22;Sulawesi;Sulawesi Utara;234837;394,0245605;1,809%
01/11/22;Sulawesi;Gorontalo;64701;172,6438216;1,401%
01/11/22;Sulawesi;Sulawesi Tengah;123243;245,9681939;1,648%
01/11/22;Sulawesi;Sulawesi Barat;36083;78,97359775;1,268%
01/11/22;Sulawesi;Sulawesi Selatan;447339;997,9640158;2,047%
01/11/22;Sulawesi;Sulawesi Tenggara;87525;175,2658575;0,929%
01/11/22;Bali dan Nusa Tenggara;Bali;326507;644,8298741;1,607%
01/11/22;Bali dan Nusa Tenggara;Nusa Tenggara Barat;125527;357,7221966;4,395%
01/11/22;Bali dan Nusa Tenggara;Nusa Tenggara Timur;87156;125,7082882;1,622%
01/11/22;Maluku;Maluku Utara;31016;42,91036956;1,553%
01/11/22;Maluku;Maluku;53607;71,52602189;3,765%
01/11/22;Papua;Papua Barat;33878;39,78587766;1,592%
01/11/22;Papua;Papua;73954;90,05599316;1,397%
01/12/22;Jawa;Banten;1713059;4537,371834;2,464%
01/12/22;Jawa;DKI Jakarta;3070303;11906,21142;2,866%
01/12/22;Jawa;Jawa Barat;5707696;13235,22089;3,376%
01/12/22;Jawa;Jawa Tengah;1804189;3808,903908;2,508%
01/12/22;Jawa;DI Yogyakarta;327815;701,5673676;2,579%
01/12/22;Jawa;Jawa Timur;2323804;6103,76761;3,182%
01/12/22;Sumatera;Nangroe Aceh Darussalam;64925;100,8045038;1,642%
01/12/22;Sumatera;Lampung;344122;796,6922165;2,105%
01/12/22;Sumatera;Sumatera Utara;626643;1346,467666;1,795%
01/12/22;Sumatera;Sumatera Barat;271438;697,7208163;1,557%
01/12/22;Sumatera;Riau;280890;585,2768808;1,694%
01/12/22;Sumatera;Kepulauan Riau;209151;437,180109;2,342%
01/12/22;Sumatera;Kepualauan Bangka Belitung;62296;169,3032587;1,506%
01/12/22;Sumatera;Jambi;157170;362,8664263;1,658%
01/12/22;Sumatera;Sumatera Selatan;436123;1008,722049;1,973%
01/12/22;Sumatera;Bengkulu;63275;136,9747812;1,796%
01/12/22;Kalimantan;Kalimantan Barat;167206;352,3997341;2,204%
01/12/22;Kalimantan;Kalimantan Tengah;115925;231,4379939;2,166%
01/12/22;Kalimantan;Kalimantan Utara;27476;51,64359302;1,915%
01/12/22;Kalimantan;Kalimantan Timur;280797;583,6877415;2,046%
01/12/22;Kalimantan;Kalimantan Selatan;210995;466,9659949;2,301%
01/12/22;Sulawesi;Sulawesi Utara;188480;405,4238202;1,638%
01/12/22;Sulawesi;Gorontalo;57063;160,7494022;1,453%
01/12/22;Sulawesi;Sulawesi Tengah;108567;249,1146363;1,546%
01/12/22;Sulawesi;Sulawesi Barat;32511;81,02178862;0,945%
01/12/22;Sulawesi;Sulawesi Selatan;389568;1014,538212;1,989%
01/12/22;Sulawesi;Sulawesi Tenggara;75880;178,7109553;0,895%
01/12/22;Bali dan Nusa Tenggara;Bali;268068;671,0817078;1,484%
01/12/22;Bali dan Nusa Tenggara;Nusa Tenggara Barat;106306;366,4602369;5,372%
01/12/22;Bali dan Nusa Tenggara;Nusa Tenggara Timur;71717;128,2473937;1,698%
01/12/22;Maluku;Maluku Utara;25218;43,08450327;1,784%
01/12/22;Maluku;Maluku;44255;73,89194121;3,538%
01/12/22;Papua;Papua Barat;26855;39,47104579;1,308%
01/12/22;Papua;Papua;57310;89,86156587;1,478%
01/01/23;Jawa;Banten;1715479;4511,524061;2,363%
01/01/23;Jawa;DKI Jakarta;3003378;11304,98052;3,047%
01/01/23;Jawa;Jawa Barat;6131661;13503,74095;3,302%
01/01/23;Jawa;Jawa Tengah;1843625;3850,545808;2,452%
01/01/23;Jawa;DI Yogyakarta;331558;706,2712322;2,294%
01/01/23;Jawa;Jawa Timur;2344327;6103,553321;3,158%
01/01/23;Sumatera;Nangroe Aceh Darussalam;69559;108,8370748;1,096%
01/01/23;Sumatera;Lampung;352827;815,0367;2,156%
01/01/23;Sumatera;Sumatera Utara;641480;1366,813709;1,567%
01/01/23;Sumatera;Sumatera Barat;280795;703,3137502;1,502%
01/01/23;Sumatera;Riau;291202;604,1252279;1,541%
01/01/23;Sumatera;Kepulauan Riau;210848;441,5851815;2,165%
01/01/23;Sumatera;Kepualauan Bangka Belitung;66223;171,8267668;1,491%
01/01/23;Sumatera;Jambi;162689;385,3034472;1,412%
01/01/23;Sumatera;Sumatera Selatan;444816;1023,785916;1,820%
01/01/23;Sumatera;Bengkulu;69208;153,6194126;1,772%
01/01/23;Kalimantan;Kalimantan Barat;169849;353,4052741;1,885%
01/01/23;Kalimantan;Kalimantan Tengah;119850;237,8355797;1,904%
01/01/23;Kalimantan;Kalimantan Utara;27974;53,1405814;1,922%
01/01/23;Kalimantan;Kalimantan Timur;287666;592,1398567;1,880%
01/01/23;Kalimantan;Kalimantan Selatan;214613;476,6598415;2,257%
01/01/23;Sulawesi;Sulawesi Utara;196431;417,6915689;1,532%
01/01/23;Sulawesi;Gorontalo;63486;175,4242299;1,058%
01/01/23;Sulawesi;Sulawesi Tengah;112777;253,8373895;1,441%
01/01/23;Sulawesi;Sulawesi Barat;34289;82,93209166;0,870%
01/01/23;Sulawesi;Sulawesi Selatan;397088;1009,366506;1,831%
01/01/23;Sulawesi;Sulawesi Tenggara;77995;180,3739108;0,893%
01/01/23;Bali dan Nusa Tenggara;Bali;270249;674,7773224;1,417%
01/01/23;Bali dan Nusa Tenggara;Nusa Tenggara Barat;111319;372,7400696;6,097%
01/01/23;Bali dan Nusa Tenggara;Nusa Tenggara Timur;75869;135,4300098;1,293%
01/01/23;Maluku;Maluku Utara;26446;44,82713801;1,572%
01/01/23;Maluku;Maluku;46721;76,26968233;3,273%
01/01/23;Papua;Papua Barat;28219;41,02478412;1,165%
01/01/23;Papua;Papua;60322;93,74331837;1,206%
01/02/23;Jawa;Banten;1709714;4382,364672;2,171%
01/02/23;Jawa;DKI Jakarta;3017217;11137,22862;2,785%
01/02/23;Jawa;Jawa Barat;6427757;13141,08462;3,463%
01/02/23;Jawa;Jawa Tengah;1867310;3747,023915;2,577%
01/02/23;Jawa;DI Yogyakarta;334365;683,4594245;2,063%
01/02/23;Jawa;Jawa Timur;2363267;6061,060813;3,033%
01/02/23;Sumatera;Nangroe Aceh Darussalam;73595;100,2893456;1,325%
01/02/23;Sumatera;Lampung;358918;819,5038333;2,111%
01/02/23;Sumatera;Sumatera Utara;658346;1340,564884;1,432%
01/02/23;Sumatera;Sumatera Barat;289724;708,8290958;1,503%
01/02/23;Sumatera;Riau;302297;606,5516062;1,358%
01/02/23;Sumatera;Kepulauan Riau;213401;425,6112037;1,915%
01/02/23;Sumatera;Kepualauan Bangka Belitung;69223;173,1358395;1,424%
01/02/23;Sumatera;Jambi;168173;400,6898745;1,322%
01/02/23;Sumatera;Sumatera Selatan;452639;998,4612474;1,733%
01/02/23;Sumatera;Bengkulu;74940;169,1401338;1,519%
01/02/23;Kalimantan;Kalimantan Barat;171981;340,4179141;1,940%
01/02/23;Kalimantan;Kalimantan Tengah;122066;233,0306736;1,892%
01/02/23;Kalimantan;Kalimantan Utara;28563;50,61641311;1,915%
01/02/23;Kalimantan;Kalimantan Timur;292374;567,3800661;1,660%
01/02/23;Kalimantan;Kalimantan Selatan;216144;459,8774054;2,121%
01/02/23;Sulawesi;Sulawesi Utara;205973;412,3796193;1,388%
01/02/23;Sulawesi;Gorontalo;69620;187,5765433;0,912%
01/02/23;Sulawesi;Sulawesi Tengah;117794;254,071192;1,165%
01/02/23;Sulawesi;Sulawesi Barat;35793;85,03697173;0,851%
01/02/23;Sulawesi;Sulawesi Selatan;405694;987,7974543;1,706%
01/02/23;Sulawesi;Sulawesi Tenggara;81081;180,5356652;0,896%
01/02/23;Bali dan Nusa Tenggara;Bali;273196;651,9890452;1,275%
01/02/23;Bali dan Nusa Tenggara;Nusa Tenggara Barat;115122;375,3512881;6,224%
01/02/23;Bali dan Nusa Tenggara;Nusa Tenggara Timur;80719;131,0160323;1,372%
01/02/23;Maluku;Maluku Utara;27865;42,19780688;1,110%
01/02/23;Maluku;Maluku;49010;71,54051336;2,924%
01/02/23;Papua;Papua Barat;29735;37,76938349;1,204%
01/02/23;Papua;Papua;63450;87,16350376;1,157%
01/03/23;Jawa;Banten;1468180;4419,974156;2,200%
01/03/23;Jawa;DKI Jakarta;2348600;10792,67317;2,788%
01/03/23;Jawa;Jawa Barat;4813126;13565,0102;3,598%
01/03/23;Jawa;Jawa Tengah;1956968;3980,941642;2,709%
01/03/23;Jawa;DI Yogyakarta;394648;760,7386534;2,127%
01/03/23;Jawa;Jawa Timur;2125537;6239,552205;3,264%
01/03/23;Sumatera;Nangroe Aceh Darussalam;61048;107,2263915;1,352%
01/03/23;Sumatera;Lampung;327447;841,7169029;2,107%
01/03/23;Sumatera;Sumatera Utara;597172;1378,281257;1,581%
01/03/23;Sumatera;Sumatera Barat;270750;713,7452597;1,615%
01/03/23;Sumatera;Riau;269942;634,3997589;1,458%
01/03/23;Sumatera;Kepulauan Riau;184250;431,8354942;2,200%
01/03/23;Sumatera;Kepualauan Bangka Belitung;63263;187,7666123;1,423%
01/03/23;Sumatera;Jambi;153594;425,492202;1,418%
01/03/23;Sumatera;Sumatera Selatan;408542;1012,31538;1,944%
01/03/23;Sumatera;Bengkulu;71155;187,2083082;1,299%
01/03/23;Kalimantan;Kalimantan Barat;148153;356,7288262;2,030%
01/03/23;Kalimantan;Kalimantan Tengah;102878;239,0957878;1,998%
01/03/23;Kalimantan;Kalimantan Utara;22956;52,05722307;2,020%
01/03/23;Kalimantan;Kalimantan Timur;253776;592,2855991;1,865%
01/03/23;Kalimantan;Kalimantan Selatan;186201;474,3386177;2,312%
01/03/23;Sulawesi;Sulawesi Utara;181682;424,4785903;2,085%
01/03/23;Sulawesi;Gorontalo;64612;196,7017843;0,984%
01/03/23;Sulawesi;Sulawesi Tengah;104539;261,313883;1,342%
01/03/23;Sulawesi;Sulawesi Barat;33795;88,5847408;1,104%
01/03/23;Sulawesi;Sulawesi Selatan;365116;1010,548407;2,139%
01/03/23;Sulawesi;Sulawesi Tenggara;73911;184,8990099;0,899%
01/03/23;Bali dan Nusa Tenggara;Bali;236181;676,7729895;1,453%
01/03/23;Bali dan Nusa Tenggara;Nusa Tenggara Barat;101289;386,4680562;6,754%
01/03/23;Bali dan Nusa Tenggara;Nusa Tenggara Timur;69594;138,2897178;1,559%
01/03/23;Maluku;Maluku Utara;23391;47,13607234;1,415%
01/03/23;Maluku;Maluku;41438;76,87155027;3,124%
01/03/23;Papua;Papua Barat;24334;41,16952358;1,652%
01/03/23;Papua;Papua;51399;93,1996925;1,456%
01/04/23;Jawa;Banten;1427416;4380,473991;2,265%
01/04/23;Jawa;DKI Jakarta;2384317;10353,2287;2,936%
01/04/23;Jawa;Jawa Barat;4682803;13574,24801;3,602%
01/04/23;Jawa;Jawa Tengah;1922325;3987,419059;2,656%
01/04/23;Jawa;DI Yogyakarta;393383;764,7441234;2,042%
01/04/23;Jawa;Jawa Timur;2071312;6236,884152;3,254%
01/04/23;Sumatera;Nangroe Aceh Darussalam;59642;106,6066019;1,020%
01/04/23;Sumatera;Lampung;321113;829,4922456;2,189%
01/04/23;Sumatera;Sumatera Utara;591466;1389,547194;1,454%
01/04/23;Sumatera;Sumatera Barat;267965;711,4774739;1,742%
01/04/23;Sumatera;Riau;269286;635,2165536;1,387%
01/04/23;Sumatera;Kepulauan Riau;179279;425,4378237;1,729%
01/04/23;Sumatera;Kepualauan Bangka Belitung;63422;188,6850052;1,285%
01/04/23;Sumatera;Jambi;153727;434,0541389;1,430%
01/04/23;Sumatera;Sumatera Selatan;399676;1004,475004;1,829%
01/04/23;Sumatera;Bengkulu;72165;197,1012225;1,132%
01/04/23;Kalimantan;Kalimantan Barat;146119;346,298896;1,943%
01/04/23;Kalimantan;Kalimantan Tengah;99890;235,7750152;1,660%
01/04/23;Kalimantan;Kalimantan Utara;22413;50,81272868;1,853%
01/04/23;Kalimantan;Kalimantan Timur;248842;583,708222;2,087%
01/04/23;Kalimantan;Kalimantan Selatan;181108;461,9053383;2,362%
01/04/23;Sulawesi;Sulawesi Utara;179017;419,1109744;1,289%
01/04/23;Sulawesi;Gorontalo;65659;202,6853545;1,288%
01/04/23;Sulawesi;Sulawesi Tengah;103738;262,4644594;1,160%
01/04/23;Sulawesi;Sulawesi Barat;33679;87,81036512;1,016%
01/04/23;Sulawesi;Sulawesi Selatan;359430;1006,381705;2,033%
01/04/23;Sulawesi;Sulawesi Tenggara;72912;185,3288769;0,782%
01/04/23;Bali dan Nusa Tenggara;Bali;241549;697,660454;1,199%
01/04/23;Bali dan Nusa Tenggara;Nusa Tenggara Barat;98149;379,6638552;7,675%
01/04/23;Bali dan Nusa Tenggara;Nusa Tenggara Timur;67922;135,0977546;1,195%
01/04/23;Maluku;Maluku Utara;23123;47,31580877;1,099%
01/04/23;Maluku;Maluku;40190;74,66871956;1,251%
01/04/23;Papua;Papua Barat;24279;41,65299918;0,984%
01/04/23;Papua;Papua;51253;94,5220634;1,381%
01/05/23;Jawa;Banten;1483975;4516,883863;4,837%
01/05/23;Jawa;DKI Jakarta;2311843;10549,93906;3,233%
01/05/23;Jawa;Jawa Barat;4814553;13826,88498;3,922%
01/05/23;Jawa;Jawa Tengah;1969682;4063,902564;3,066%
01/05/23;Jawa;DI Yogyakarta;405258;788,6402547;2,683%
01/05/23;Jawa;Jawa Timur;2114815;6332,118662;3,528%
01/05/23;Sumatera;Nangroe Aceh Darussalam;60435;110,7994903;1,576%
01/05/23;Sumatera;Lampung;332322;820,5425065;2,585%
01/05/23;Sumatera;Sumatera Utara;591831;1405,252846;1,937%
01/05/23;Sumatera;Sumatera Barat;265384;700,5411726;2,109%
01/05/23;Sumatera;Riau;266292;647,8951496;1,744%
01/05/23;Sumatera;Kepulauan Riau;172732;431,4891429;2,196%
01/05/23;Sumatera;Kepualauan Bangka Belitung;71171;195,2565944;1,514%
01/05/23;Sumatera;Jambi;163536;446,5891698;1,504%
01/05/23;Sumatera;Sumatera Selatan;397574;999,8669921;2,523%
01/05/23;Sumatera;Bengkulu;82860;212,960283;1,521%
01/05/23;Kalimantan;Kalimantan Barat;140777;351,997132;2,293%
01/05/23;Kalimantan;Kalimantan Tengah;110766;244,6290142;2,303%
01/05/23;Kalimantan;Kalimantan Utara;41285;62,60814475;1,832%
01/05/23;Kalimantan;Kalimantan Timur;239386;592,8007201;2,484%
01/05/23;Kalimantan;Kalimantan Selatan;174021;463,6644363;2,631%
01/05/23;Sulawesi;Sulawesi Utara;177947;435,5192859;1,782%
01/05/23;Sulawesi;Gorontalo;74326;215,2586437;1,448%
01/05/23;Sulawesi;Sulawesi Tengah;106450;264,0825367;1,792%
01/05/23;Sulawesi;Sulawesi Barat;36749;88,84247228;1,220%
01/05/23;Sulawesi;Sulawesi Selatan;359454;928,0989558;2,661%
01/05/23;Sulawesi;Sulawesi Tenggara;71304;186,6040678;1,047%
01/05/23;Bali dan Nusa Tenggara;Bali;251864;736,6687071;1,515%
01/05/23;Bali dan Nusa Tenggara;Nusa Tenggara Barat;99405;395,7384849;7,592%
01/05/23;Bali dan Nusa Tenggara;Nusa Tenggara Timur;65945;135,3316851;1,885%
01/05/23;Maluku;Maluku Utara;41156;57,77001944;1,417%
01/05/23;Maluku;Maluku;48507;78,53150212;1,858%
01/05/23;Papua;Papua Barat;50158;55,75808269;1,607%
01/05/23;Papua;Papua;96058;118,8758141;1,652%
01/06/23;Jawa;Banten;1523317;4585,452228;5,133%
01/06/23;Jawa;DKI Jakarta;2378514;10874,16729;3,125%
01/06/23;Jawa;Jawa Barat;5006822;14251,19158;3,720%
01/06/23;Jawa;Jawa Tengah;2015415;4143,866631;2,964%
01/06/23;Jawa;DI Yogyakarta;413473;797,1253173;2,482%
01/06/23;Jawa;Jawa Timur;2147643;6472,63514;3,605%
01/06/23;Sumatera;Nangroe Aceh Darussalam;64136;116,4007981;1,339%
01/06/23;Sumatera;Lampung;337671;820,3904533;2,877%
01/06/23;Sumatera;Sumatera Utara;607642;1433,912573;1,908%
01/06/23;Sumatera;Sumatera Barat;266638;704,6109876;1,964%
01/06/23;Sumatera;Riau;275288;665,7736109;1,718%
01/06/23;Sumatera;Kepulauan Riau;177002;442,3876192;2,112%
01/06/23;Sumatera;Kepualauan Bangka Belitung;72784;193,8931266;1,598%
01/06/23;Sumatera;Jambi;167120;457,4727981;1,524%
01/06/23;Sumatera;Sumatera Selatan;402742;1003,818805;2,429%
01/06/23;Sumatera;Bengkulu;85910;221,3236219;1,385%
01/06/23;Kalimantan;Kalimantan Barat;143826;349,5907112;2,268%
01/06/23;Kalimantan;Kalimantan Tengah;111367;245,2629851;2,147%
01/06/23;Kalimantan;Kalimantan Utara;41164;62,74081136;1,663%
01/06/23;Kalimantan;Kalimantan Timur;246658;611,9250147;2,267%
01/06/23;Kalimantan;Kalimantan Selatan;177833;471,2068173;2,472%
01/06/23;Sulawesi;Sulawesi Utara;182024;430,4319377;1,806%
01/06/23;Sulawesi;Gorontalo;77311;218,7247016;1,061%
01/06/23;Sulawesi;Sulawesi Tengah;106772;263,7816386;1,918%
01/06/23;Sulawesi;Sulawesi Barat;37473;92,88032577;1,243%
01/06/23;Sulawesi;Sulawesi Selatan;367467;946,031093;2,340%
01/06/23;Sulawesi;Sulawesi Tenggara;72401;189,9755094;1,067%
01/06/23;Bali dan Nusa Tenggara;Bali;257429;771,1341915;1,397%
01/06/23;Bali dan Nusa Tenggara;Nusa Tenggara Barat;104864;415,9138094;7,176%
01/06/23;Bali dan Nusa Tenggara;Nusa Tenggara Timur;65795;133,8340911;1,794%
01/06/23;Maluku;Maluku Utara;42534;61,04433259;1,419%
01/06/23;Maluku;Maluku;47171;75,89538764;1,964%
01/06/23;Papua;Papua Barat;49183;56,59689219;1,568%
01/06/23;Papua;Papua;94966;119,7569077;1,616%
01/07/23;Jawa;Banten;1724517;4889,439008;4,885%
01/07/23;Jawa;DKI Jakarta;2728556;11367,45784;3,103%
01/07/23;Jawa;Jawa Barat;5677084;15245,06866;4,142%
01/07/23;Jawa;Jawa Tengah;2229906;4441,731635;3,302%
01/07/23;Jawa;DI Yogyakarta;446959;852,9656649;2,542%
01/07/23;Jawa;Jawa Timur;2376886;6788,244355;3,667%
01/07/23;Sumatera;Nangroe Aceh Darussalam;73251;128,785046;1,920%
01/07/23;Sumatera;Lampung;368379;859,367576;3,223%
01/07/23;Sumatera;Sumatera Utara;676545;1542,349939;2,426%
01/07/23;Sumatera;Sumatera Barat;281605;736,7122545;2,321%
01/07/23;Sumatera;Riau;307433;716,5326438;2,108%
01/07/23;Sumatera;Kepulauan Riau;201915;484,3900569;2,353%
01/07/23;Sumatera;Kepualauan Bangka Belitung;81247;196,8563516;2,019%
01/07/23;Sumatera;Jambi;184604;484,8269301;1,807%
01/07/23;Sumatera;Sumatera Selatan;443569;1064,161659;2,774%
01/07/23;Sumatera;Bengkulu;95243;238,3724111;1,708%
01/07/23;Kalimantan;Kalimantan Barat;162358;379,2315146;2,509%
01/07/23;Kalimantan;Kalimantan Tengah;123419;262,4807383;2,300%
01/07/23;Kalimantan;Kalimantan Utara;44725;68,23609125;2,097%
01/07/23;Kalimantan;Kalimantan Timur;280243;670,2760467;2,484%
01/07/23;Kalimantan;Kalimantan Selatan;199698;497,7867804;2,743%
01/07/23;Sulawesi;Sulawesi Utara;202556;467,7717692;1,990%
01/07/23;Sulawesi;Gorontalo;84429;226,1119025;1,205%
01/07/23;Sulawesi;Sulawesi Tengah;114952;272,4273023;2,102%
01/07/23;Sulawesi;Sulawesi Barat;40363;102,455138;1,417%
01/07/23;Sulawesi;Sulawesi Selatan;403960;1021,503843;2,243%
01/07/23;Sulawesi;Sulawesi Tenggara;78931;200,9430954;1,340%
01/07/23;Bali dan Nusa Tenggara;Bali;281819;823,4717455;1,557%
01/07/23;Bali dan Nusa Tenggara;Nusa Tenggara Barat;120431;452,3477967;6,742%
01/07/23;Bali dan Nusa Tenggara;Nusa Tenggara Timur;73838;150,6758183;2,018%
01/07/23;Maluku;Maluku Utara;44409;62,73452641;1,740%
01/07/23;Maluku;Maluku;54293;86,74953009;2,336%
01/07/23;Papua;Papua Barat;53234;62,01713932;2,102%
01/07/23;Papua;Papua;102905;132,7568487;2,081%
01/08/23;Jawa;Banten;1558110;4517,96143;2,292%
01/08/23;Jawa;DKI Jakarta;2795853;10616,52369;2,814%
01/08/23;Jawa;Jawa Barat;5556344;14798,43611;3,698%
01/08/23;Jawa;Jawa Tengah;1791232;3995,09319;2,854%
01/08/23;Jawa;DI Yogyakarta;312854;762,7263739;2,078%
01/08/23;Jawa;Jawa Timur;2197638;6446,519093;3,292%
01/08/23;Sumatera;Nangroe Aceh Darussalam;69017;114,7587271;1,038%
01/08/23;Sumatera;Lampung;337924;806,9215283;2,770%
01/08/23;Sumatera;Sumatera Utara;660424;1481,714609;1,927%
01/08/23;Sumatera;Sumatera Barat;275686;732,4107798;2,187%
01/08/23;Sumatera;Riau;309177;702,5496329;1,662%
01/08/23;Sumatera;Kepulauan Riau;203996;472,0816149;1,748%
01/08/23;Sumatera;Kepualauan Bangka Belitung;72286;195,481956;1,191%
01/08/23;Sumatera;Jambi;173203;476,0848786;1,408%
01/08/23;Sumatera;Sumatera Selatan;426008;1018,67397;2,439%
01/08/23;Sumatera;Bengkulu;87439;234,3887107;1,258%
01/08/23;Kalimantan;Kalimantan Barat;162258;362,8840222;2,048%
01/08/23;Kalimantan;Kalimantan Tengah;108358;244,3503533;1,760%
01/08/23;Kalimantan;Kalimantan Utara;24062;56,76393807;1,464%
01/08/23;Kalimantan;Kalimantan Timur;287291;654,8464576;1,860%
01/08/23;Kalimantan;Kalimantan Selatan;201998;479,6382969;2,286%
01/08/23;Sulawesi;Sulawesi Utara;201775;458,7575928;1,340%
01/08/23;Sulawesi;Gorontalo;79524;221,350164;0,941%
01/08/23;Sulawesi;Sulawesi Tengah;111149;263,7296314;1,753%
01/08/23;Sulawesi;Sulawesi Barat;37272;104,3037619;1,099%
01/08/23;Sulawesi;Sulawesi Selatan;389410;1004,156668;1,765%
01/08/23;Sulawesi;Sulawesi Tenggara;79578;196,7750146;0,883%
01/08/23;Bali dan Nusa Tenggara;Bali;267809;801,4454386;1,319%
01/08/23;Bali dan Nusa Tenggara;Nusa Tenggara Barat;122314;459,7326552;6,232%
01/08/23;Bali dan Nusa Tenggara;Nusa Tenggara Timur;75420;156,3914457;1,096%
01/08/23;Maluku;Maluku Utara;26401;52,14927698;1,149%
01/08/23;Maluku;Maluku;43349;76,62902724;1,391%
01/08/23;Papua;Papua Barat;26786;46,69047213;1,127%
01/08/23;Papua;Papua;56507;102,9404908;1,267%
01/09/23;Jawa;Banten;1569228;4719,220141;2,161%
01/09/23;Jawa;DKI Jakarta;2837642;10893,96137;2,729%
01/09/23;Jawa;Jawa Barat;5710886;15807,5259;3,693%
01/09/23;Jawa;Jawa Tengah;1828605;4206,88742;2,653%
01/09/23;Jawa;DI Yogyakarta;318164;796,3323601;2,133%
01/09/23;Jawa;Jawa Timur;2216039;6689,351463;3,079%
01/09/23;Sumatera;Nangroe Aceh Darussalam;71214;125,7877132;0,924%
01/09/23;Sumatera;Lampung;341780;840,5783242;2,785%
01/09/23;Sumatera;Sumatera Utara;675079;1570,438747;2,027%
01/09/23;Sumatera;Sumatera Barat;278445;770,4498668;2,333%
01/09/23;Sumatera;Riau;320316;746,5503242;1,531%
01/09/23;Sumatera;Kepulauan Riau;208469;491,3494049;1,872%
01/09/23;Sumatera;Kepualauan Bangka Belitung;74220;212,1526553;1,274%
01/09/23;Sumatera;Jambi;178730;501,1992322;1,506%
01/09/23;Sumatera;Sumatera Selatan;428133;1035,229636;2,474%
01/09/23;Sumatera;Bengkulu;91984;252,4148562;1,143%
01/09/23;Kalimantan;Kalimantan Barat;166838;378,5632811;1,948%
01/09/23;Kalimantan;Kalimantan Tengah;111954;249,8376347;1,991%
01/09/23;Kalimantan;Kalimantan Utara;24962;58,42708711;1,612%
01/09/23;Kalimantan;Kalimantan Timur;296281;672,2308523;2,040%
01/09/23;Kalimantan;Kalimantan Selatan;206314;500,4585954;2,174%
01/09/23;Sulawesi;Sulawesi Utara;206725;490,9644111;1,439%
01/09/23;Sulawesi;Gorontalo;82067;233,0453069;1,041%
01/09/23;Sulawesi;Sulawesi Tengah;114291;274,2255743;1,932%
01/09/23;Sulawesi;Sulawesi Barat;38180;111,7281508;1,086%
01/09/23;Sulawesi;Sulawesi Selatan;398133;1051,87532;2,057%
01/09/23;Sulawesi;Sulawesi Tenggara;82448;211,2474825;0,872%
01/09/23;Bali dan Nusa Tenggara;Bali;274053;846,5357531;1,033%
01/09/23;Bali dan Nusa Tenggara;Nusa Tenggara Barat;130987;476,8584992;6,000%
01/09/23;Bali dan Nusa Tenggara;Nusa Tenggara Timur;83786;187,0653243;0,963%
01/09/23;Maluku;Maluku Utara;28055;56,42495252;1,186%
01/09/23;Maluku;Maluku;44777;80,34408267;1,334%
01/09/23;Papua;Papua Barat;27707;48,33021101;1,155%
01/09/23;Papua;Papua;59330;109,6567818;1,258%
01/10/23;Jawa;Banten;1504818;4947,263912;2,218%
01/10/23;Jawa;DKI Jakarta;2600713;11185,13493;2,846%
01/10/23;Jawa;Jawa Barat;5513724;16381,58031;3,754%
01/10/23;Jawa;Jawa Tengah;1825634;4389,290811;2,813%
01/10/23;Jawa;DI Yogyakarta;315227;830,7204435;2,263%
01/10/23;Jawa;Jawa Timur;2189350;7056,672202;3,021%
01/10/23;Sumatera;Nangroe Aceh Darussalam;73237;130,5528879;1,033%
01/10/23;Sumatera;Lampung;335728;877,8883316;2,824%
01/10/23;Sumatera;Sumatera Utara;664863;1654,981233;2,021%
01/10/23;Sumatera;Sumatera Barat;275753;805,714477;2,352%
01/10/23;Sumatera;Riau;317848;788,0437969;1,591%
01/10/23;Sumatera;Kepulauan Riau;204973;521,1004986;1,789%
01/10/23;Sumatera;Kepualauan Bangka Belitung;74061;215,3064497;1,304%
01/10/23;Sumatera;Jambi;178249;525,2128513;1,469%
01/10/23;Sumatera;Sumatera Selatan;411700;1068,755037;2,561%
01/10/23;Sumatera;Bengkulu;93731;267,9123304;1,137%
01/10/23;Kalimantan;Kalimantan Barat;165632;400,2929483;2,001%
01/10/23;Kalimantan;Kalimantan Tengah;112240;257,785647;1,897%
01/10/23;Kalimantan;Kalimantan Utara;25105;62,1376331;1,675%
01/10/23;Kalimantan;Kalimantan Timur;292537;706,8385751;2,118%
01/10/23;Kalimantan;Kalimantan Selatan;203987;527,9660445;2,349%
01/10/23;Sulawesi;Sulawesi Utara;206426;533,6710427;1,651%
01/10/23;Sulawesi;Gorontalo;84267;240,7767522;1,071%
01/10/23;Sulawesi;Sulawesi Tengah;115136;283,5740013;2,040%
01/10/23;Sulawesi;Sulawesi Barat;38836;121,485069;1,063%
01/10/23;Sulawesi;Sulawesi Selatan;394112;1119,595716;2,053%
01/10/23;Sulawesi;Sulawesi Tenggara;84122;221,5597615;0,944%
01/10/23;Bali dan Nusa Tenggara;Bali;274511;897,3460102;1,577%
01/10/23;Bali dan Nusa Tenggara;Nusa Tenggara Barat;138749;497,7633024;5,807%
01/10/23;Bali dan Nusa Tenggara;Nusa Tenggara Timur;93070;219,4234947;1,576%
01/10/23;Maluku;Maluku Utara;29940;60,28807291;1,236%
01/10/23;Maluku;Maluku;46050;85,00959103;1,314%
01/10/23;Papua;Papua Barat;30573;51,45470897;1,138%
01/10/23;Papua;Papua;59508;116,8002161;1,299%
01/11/23;Jawa;Banten;1451023;5095,031207;2,192%
01/11/23;Jawa;DKI Jakarta;2513353;11248,89313;2,827%
01/11/23;Jawa;Jawa Barat;5284605;16731,66129;3,672%
01/11/23;Jawa;Jawa Tengah;1769589;4511,051758;2,708%
01/11/23;Jawa;DI Yogyakarta;303081;845,5624881;2,570%
01/11/23;Jawa;Jawa Timur;2123370;7269,302035;2,808%
01/11/23;Sumatera;Nangroe Aceh Darussalam;67498;134,4579122;1,055%
01/11/23;Sumatera;Lampung;325766;902,0965151;2,530%
01/11/23;Sumatera;Sumatera Utara;646967;1706,894619;1,905%
01/11/23;Sumatera;Sumatera Barat;266398;822,1658828;2,164%
01/11/23;Sumatera;Riau;312045;814,6627527;1,472%
01/11/23;Sumatera;Kepulauan Riau;198509;537,8827391;1,791%
01/11/23;Sumatera;Kepualauan Bangka Belitung;70992;220,4463407;1,422%
01/11/23;Sumatera;Jambi;174156;541,3615596;1,414%
01/11/23;Sumatera;Sumatera Selatan;390260;1076,03481;2,540%
01/11/23;Sumatera;Bengkulu;91476;277,7355996;1,109%
01/11/23;Kalimantan;Kalimantan Barat;159109;413,5658452;2,039%
01/11/23;Kalimantan;Kalimantan Tengah;106473;263,7405112;1,988%
01/11/23;Kalimantan;Kalimantan Utara;23136;63,41122231;1,542%
01/11/23;Kalimantan;Kalimantan Timur;280517;731,2328603;2,199%
01/11/23;Kalimantan;Kalimantan Selatan;196619;541,0666053;2,770%
01/11/23;Sulawesi;Sulawesi Utara;199255;560,1808954;1,496%
01/11/23;Sulawesi;Gorontalo;82780;245,4991556;1,081%
01/11/23;Sulawesi;Sulawesi Tengah;110089;291,1447874;1,944%
01/11/23;Sulawesi;Sulawesi Barat;37926;128,8611823;0,876%
01/11/23;Sulawesi;Sulawesi Selatan;379599;1160,456457;1,856%
01/11/23;Sulawesi;Sulawesi Tenggara;80534;235,4652025;0,915%
01/11/23;Bali dan Nusa Tenggara;Bali;266395;939,8256936;1,531%
01/11/23;Bali dan Nusa Tenggara;Nusa Tenggara Barat;137555;501,6665829;5,797%
01/11/23;Bali dan Nusa Tenggara;Nusa Tenggara Timur;92684;244,4726588;0,759%
01/11/23;Maluku;Maluku Utara;29187;65,47776936;1,219%
01/11/23;Maluku;Maluku;42694;87,3353451;1,185%
01/11/23;Papua;Papua Barat;28668;53,40372066;1,013%
01/11/23;Papua;Papua;54059;119,6826041;1,234%
01/12/23;Jawa;Banten;1412488;5027,381025;2,344%
01/12/23;Jawa;DKI Jakarta;2475769;11243,25156;3,122%
01/12/23;Jawa;Jawa Barat;5174524;16590,12051;3,817%
01/12/23;Jawa;Jawa Tengah;1774089;4646,648488;2,743%
01/12/23;Jawa;DI Yogyakarta;301918;845,4062773;3,318%
01/12/23;Jawa;Jawa Timur;2113135;7419,143393;2,787%
01/12/23;Sumatera;Nangroe Aceh Darussalam;67035;131,8876099;1,092%
01/12/23;Sumatera;Lampung;326352;918,1756776;2,596%
01/12/23;Sumatera;Sumatera Utara;642334;1748,927529;1,990%
01/12/23;Sumatera;Sumatera Barat;263784;828,7954551;2,227%
01/12/23;Sumatera;Riau;312697;837,7355538;1,437%
01/12/23;Sumatera;Kepulauan Riau;196224;539,2392079;2,149%
01/12/23;Sumatera;Kepualauan Bangka Belitung;69953;223,4807316;1,419%
01/12/23;Sumatera;Jambi;171323;545,0900283;1,374%
01/12/23;Sumatera;Sumatera Selatan;383237;1080,904078;2,715%
01/12/23;Sumatera;Bengkulu;90398;285,8486464;1,127%
01/12/23;Kalimantan;Kalimantan Barat;157279;420,8993156;1,962%
01/12/23;Kalimantan;Kalimantan Tengah;104341;261,0961198;1,957%
01/12/23;Kalimantan;Kalimantan Utara;22945;68,51122607;1,648%
01/12/23;Kalimantan;Kalimantan Timur;279565;739,2681744;2,165%
01/12/23;Kalimantan;Kalimantan Selatan;194585;542,8554895;2,520%
01/12/23;Sulawesi;Sulawesi Utara;194148;571,2108491;1,510%
01/12/23;Sulawesi;Gorontalo;81413;251,2718567;1,107%
01/12/23;Sulawesi;Sulawesi Tengah;108117;292,3714308;1,942%
01/12/23;Sulawesi;Sulawesi Barat;36992;131,7048309;0,729%
01/12/23;Sulawesi;Sulawesi Selatan;375467;1181,560261;1,794%
01/12/23;Sulawesi;Sulawesi Tenggara;78896;243,6699151;0,914%
01/12/23;Bali dan Nusa Tenggara;Bali;271804;934,5094387;1,783%
01/12/23;Bali dan Nusa Tenggara;Nusa Tenggara Barat;140262;498,0509444;5,909%
01/12/23;Bali dan Nusa Tenggara;Nusa Tenggara Timur;96712;266,5303372;0,749%
01/12/23;Maluku;Maluku Utara;29836;67,57059998;1,096%
01/12/23;Maluku;Maluku;41527;87,44848774;1,314%
01/12/23;Papua;Papua Barat;28896;54,78095677;1,200%
01/12/23;Papua;Papua;52068;119,1345113;1,447%
01/01/24;Jawa;Banten;1276083;5038,578107;2,396%
01/01/24;Jawa;DKI Jakarta;2295801;11174,76521;3,404%
01/01/24;Jawa;Jawa Barat;4711606;16553,13034;3,773%
01/01/24;Jawa;Jawa Tengah;1620354;4743,434007;2,690%
01/01/24;Jawa;DI Yogyakarta;273622;865,6203735;3,385%
01/01/24;Jawa;Jawa Timur;1943673;7539,252354;2,803%
01/01/24;Sumatera;Nangroe Aceh Darussalam;58398;136,2451853;1,062%
01/01/24;Sumatera;Lampung;306536;941,32024;2,754%
01/01/24;Sumatera;Sumatera Utara;594193;1789,88957;1,870%
01/01/24;Sumatera;Sumatera Barat;251899;863,1638289;2,193%
01/01/24;Sumatera;Riau;296017;874,8253147;1,389%
01/01/24;Sumatera;Kepulauan Riau;178099;553,4366805;1,827%
01/01/24;Sumatera;Kepualauan Bangka Belitung;65264;237,0316397;1,415%
01/01/24;Sumatera;Jambi;163034;570,5221133;1,279%
01/01/24;Sumatera;Sumatera Selatan;353340;1106,194489;2,803%
01/01/24;Sumatera;Bengkulu;83973;299,0303169;1,141%
01/01/24;Kalimantan;Kalimantan Barat;144011;448,9900501;1,868%
01/01/24;Kalimantan;Kalimantan Tengah;92776;274,2282372;1,928%
01/01/24;Kalimantan;Kalimantan Utara;19641;70,08175045;1,621%
01/01/24;Kalimantan;Kalimantan Timur;252479;768,8621252;2,218%
01/01/24;Kalimantan;Kalimantan Selatan;181230;573,3198618;2,301%
01/01/24;Sulawesi;Sulawesi Utara;173860;592,7845075;1,532%
01/01/24;Sulawesi;Gorontalo;77450;266,6590403;1,100%
01/01/24;Sulawesi;Sulawesi Tengah;99397;320,3284556;1,788%
01/01/24;Sulawesi;Sulawesi Barat;35011;140,2623714;0,736%
01/01/24;Sulawesi;Sulawesi Selatan;349855;1241,286735;1,893%
01/01/24;Sulawesi;Sulawesi Tenggara;73225;258,6541502;0,869%
01/01/24;Bali dan Nusa Tenggara;Bali;245392;1002,561816;1,627%
01/01/24;Bali dan Nusa Tenggara;Nusa Tenggara Barat;135704;533,2444203;5,656%
01/01/24;Bali dan Nusa Tenggara;Nusa Tenggara Timur;91690;294,7959371;0,699%
01/01/24;Maluku;Maluku Utara;25987;72,98627608;1,107%
01/01/24;Maluku;Maluku;35008;91,72072166;1,440%
01/01/24;Papua;Papua Barat;22340;57,24926684;1,264%
01/01/24;Papua;Papua;44958;122,4850419;1,376%
01/02/24;Jawa;Banten;1282437;5071,157684;2,607%
01/02/24;Jawa;DKI Jakarta;2219733;10727,66565;3,086%
01/02/24;Jawa;Jawa Barat;4734028;16682,86689;3,896%
01/02/24;Jawa;Jawa Tengah;1638602;4816,920948;2,733%
01/02/24;Jawa;DI Yogyakarta;276421;907,2384289;3,276%
01/02/24;Jawa;Jawa Timur;1973438;7853,389642;2,781%
01/02/24;Sumatera;Nangroe Aceh Darussalam;60425;139,68447;1,178%
01/02/24;Sumatera;Lampung;315240;967,6882036;3,042%
01/02/24;Sumatera;Sumatera Utara;605226;1846,688559;1,951%
01/02/24;Sumatera;Sumatera Barat;259413;904,7574313;2,319%
01/02/24;Sumatera;Riau;306357;925,1557343;1,413%
01/02/24;Sumatera;Kepulauan Riau;182186;566,829542;1,689%
01/02/24;Sumatera;Kepualauan Bangka Belitung;67298;240,1583899;1,450%
01/02/24;Sumatera;Jambi;168698;595,8828352;1,496%
01/02/24;Sumatera;Sumatera Selatan;357809;1141,060124;2,752%
01/02/24;Sumatera;Bengkulu;85809;312,1004926;1,394%
01/02/24;Kalimantan;Kalimantan Barat;148780;468,465181;1,766%
01/02/24;Kalimantan;Kalimantan Tengah;95338;284,7974772;1,877%
01/02/24;Kalimantan;Kalimantan Utara;20259;72,79797035;1,326%
01/02/24;Kalimantan;Kalimantan Timur;258452;792,4081049;2,392%
01/02/24;Kalimantan;Kalimantan Selatan;188360;598,6194271;2,187%
01/02/24;Sulawesi;Sulawesi Utara;175532;608,6259938;1,348%
01/02/24;Sulawesi;Gorontalo;79585;294,0910479;0,970%
01/02/24;Sulawesi;Sulawesi Tengah;101867;331,7899177;1,754%
01/02/24;Sulawesi;Sulawesi Barat;35677;147,4086823;0,701%
01/02/24;Sulawesi;Sulawesi Selatan;355948;1285,793396;1,999%
01/02/24;Sulawesi;Sulawesi Tenggara;74029;274,1697093;0,920%
01/02/24;Bali dan Nusa Tenggara;Bali;253787;1018,680662;1,697%
01/02/24;Bali dan Nusa Tenggara;Nusa Tenggara Barat;143546;547,1004391;5,714%
01/02/24;Bali dan Nusa Tenggara;Nusa Tenggara Timur;98454;316,3511067;0,688%
01/02/24;Maluku;Maluku Utara;26485;74,73374138;1,162%
01/02/24;Maluku;Maluku;35391;97,51097946;1,218%
01/02/24;Papua;Papua Barat;23022;59,08880036;1,270%
01/02/24;Papua;Papua;45851;125,9538581;1,308%
01/03/24;Jawa;Banten;1272872;5094,095471;2,664%
01/03/24;Jawa;DKI Jakarta;2176197;10755,61476;3,130%
01/03/24;Jawa;Jawa Barat;4707328;16600,75882;3,963%
01/03/24;Jawa;Jawa Tengah;1667282;4963,953961;2,790%
01/03/24;Jawa;DI Yogyakarta;282756;948,7288665;3,201%
01/03/24;Jawa;Jawa Timur;2010627;8028,350838;2,804%
01/03/24;Sumatera;Nangroe Aceh Darussalam;60561;142,6558768;1,246%
01/03/24;Sumatera;Lampung;325930;995,2805488;3,150%
01/03/24;Sumatera;Sumatera Utara;621284;1928,794651;1,681%
01/03/24;Sumatera;Sumatera Barat;268217;1024,038687;1,830%
01/03/24;Sumatera;Riau;318680;980,7158926;1,378%
01/03/24;Sumatera;Kepulauan Riau;184509;577,6602236;1,763%
01/03/24;Sumatera;Kepualauan Bangka Belitung;69702;245,1611063;1,434%
01/03/24;Sumatera;Jambi;175755;630,7778952;1,506%
01/03/24;Sumatera;Sumatera Selatan;362761;1177,799664;2,466%
01/03/24;Sumatera;Bengkulu;88125;327,248555;1,314%
01/03/24;Kalimantan;Kalimantan Barat;155124;501,7899604;1,719%
01/03/24;Kalimantan;Kalimantan Tengah;97750;297,4024961;2,065%
01/03/24;Kalimantan;Kalimantan Utara;20709;74,54202707;1,483%
01/03/24;Kalimantan;Kalimantan Timur;265804;825,1321755;2,421%
01/03/24;Kalimantan;Kalimantan Selatan;195046;624,4513515;2,209%
01/03/24;Sulawesi;Sulawesi Utara;178441;631,3817682;1,251%
01/03/24;Sulawesi;Gorontalo;81398;309,3036239;0,862%
01/03/24;Sulawesi;Sulawesi Tengah;105551;353,2964084;1,591%
01/03/24;Sulawesi;Sulawesi Barat;37252;160,6490208;0,595%
01/03/24;Sulawesi;Sulawesi Selatan;365064;1329,86258;1,885%
01/03/24;Sulawesi;Sulawesi Tenggara;77188;302,9988246;0,766%
01/03/24;Bali dan Nusa Tenggara;Bali;261270;1051,624558;1,774%
01/03/24;Bali dan Nusa Tenggara;Nusa Tenggara Barat;150639;566,7601997;5,321%
01/03/24;Bali dan Nusa Tenggara;Nusa Tenggara Timur;106895;342,0086931;0,653%
01/03/24;Maluku;Maluku Utara;26962;78,49920122;1,317%
01/03/24;Maluku;Maluku;35866;102,1464222;1,438%
01/03/24;Papua;Papua Barat;23681;61,98808068;1,263%
01/03/24;Papua;Papua;47394;130,9571965;1,242%
01/04/24;Jawa;Banten;1272787;5123,506359;2,366%
01/04/24;Jawa;DKI Jakarta;2142983;10910,07033;3,310%
01/04/24;Jawa;Jawa Barat;4698374;16473,13429;3,749%
01/04/24;Jawa;Jawa Tengah;1687992;4993,202379;2,599%
01/04/24;Jawa;DI Yogyakarta;290208;967,8184002;3,213%
01/04/24;Jawa;Jawa Timur;2042189;8203,570221;2,590%
01/04/24;Sumatera;Nangroe Aceh Darussalam;61544;145,5913919;0,755%
01/04/24;Sumatera;Lampung;330415;984,5607671;2,797%
01/04/24;Sumatera;Sumatera Utara;638185;1948,70738;1,563%
01/04/24;Sumatera;Sumatera Barat;270726;1042,452948;1,956%
01/04/24;Sumatera;Riau;327955;984,486923;1,325%
01/04/24;Sumatera;Kepulauan Riau;188574;595,4786375;1,554%
01/04/24;Sumatera;Kepualauan Bangka Belitung;73798;246,8834205;1,189%
01/04/24;Sumatera;Jambi;181926;629,1992714;1,261%
01/04/24;Sumatera;Sumatera Selatan;364426;1172,858205;2,444%
01/04/24;Sumatera;Bengkulu;89311;325,2154229;1,437%
01/04/24;Kalimantan;Kalimantan Barat;163219;520,8504001;1,398%
01/04/24;Kalimantan;Kalimantan Tengah;101556;304,2362339;1,636%
01/04/24;Kalimantan;Kalimantan Utara;22112;76,003328;1,219%
01/04/24;Kalimantan;Kalimantan Timur;274583;852,7105424;1,993%
01/04/24;Kalimantan;Kalimantan Selatan;199793;633,1552619;1,900%
01/04/24;Sulawesi;Sulawesi Utara;180295;645,8221582;1,157%
01/04/24;Sulawesi;Gorontalo;85227;302,3903184;0,857%
01/04/24;Sulawesi;Sulawesi Tengah;108545;351,8571933;1,362%
01/04/24;Sulawesi;Sulawesi Barat;39311;164,7073304;0,571%
01/04/24;Sulawesi;Sulawesi Selatan;371032;1349,523351;1,563%
01/04/24;Sulawesi;Sulawesi Tenggara;79683;343,7444538;1,154%
01/04/24;Bali dan Nusa Tenggara;Bali;268531;1119,443978;1,342%
01/04/24;Bali dan Nusa Tenggara;Nusa Tenggara Barat;152868;572,1277496;5,114%
01/04/24;Bali dan Nusa Tenggara;Nusa Tenggara Timur;111599;354,0408421;0,467%
01/04/24;Maluku;Maluku Utara;29938;87,27110775;0,980%
01/04/24;Maluku;Maluku;36485;111,8921536;0,962%
01/04/24;Papua;Papua Barat;24672;65,25205716;1,009%
01/04/24;Papua;Papua;48686;137,5236207;1,051%
01/05/24;Jawa;Banten;1315532;5259,04426;2,458%
01/05/24;Jawa;DKI Jakarta;2217531;11197,15783;3,556%
01/05/24;Jawa;Jawa Barat;4859933;16829,91637;3,687%
01/05/24;Jawa;Jawa Tengah;1778199;5189,104374;2,736%
01/05/24;Jawa;DI Yogyakarta;303491;1006,088668;3,022%
01/05/24;Jawa;Jawa Timur;2132051;8412,72212;2,620%
01/05/24;Sumatera;Nangroe Aceh Darussalam;66085;155,1017096;0,945%
01/05/24;Sumatera;Lampung;349472;1021,106245;3,048%
01/05/24;Sumatera;Sumatera Utara;681205;2046,861091;1,721%
01/05/24;Sumatera;Sumatera Barat;286758;1080,327077;2,238%
01/05/24;Sumatera;Riau;350842;1024,405343;1,586%
01/05/24;Sumatera;Kepulauan Riau;202332;630,9036632;1,953%
01/05/24;Sumatera;Kepualauan Bangka Belitung;76042;261,4561567;1,417%
01/05/24;Sumatera;Jambi;192276;652,7804341;1,363%
01/05/24;Sumatera;Sumatera Selatan;384392;1222,509702;3,661%
01/05/24;Sumatera;Bengkulu;93884;324,5178438;1,796%
01/05/24;Kalimantan;Kalimantan Barat;174572;539,2912175;1,602%
01/05/24;Kalimantan;Kalimantan Tengah;106799;311,7831901;1,893%
01/05/24;Kalimantan;Kalimantan Utara;23126;79,92964811;1,382%
01/05/24;Kalimantan;Kalimantan Timur;294175;908,0917918;2,263%
01/05/24;Kalimantan;Kalimantan Selatan;215868;670,3260324;1,997%
01/05/24;Sulawesi;Sulawesi Utara;192379;636,4569077;1,374%
01/05/24;Sulawesi;Gorontalo;86541;307,0793853;0,837%
01/05/24;Sulawesi;Sulawesi Tengah;115187;369,4926541;1,935%
01/05/24;Sulawesi;Sulawesi Barat;40260;160,0868532;0,664%
01/05/24;Sulawesi;Sulawesi Selatan;399490;1364,910489;1,732%
01/05/24;Sulawesi;Sulawesi Tenggara;86306;350,123796;2,906%
01/05/24;Bali dan Nusa Tenggara;Bali;287464;1165,340985;1,434%
01/05/24;Bali dan Nusa Tenggara;Nusa Tenggara Barat;161130;585,5113838;5,112%
01/05/24;Bali dan Nusa Tenggara;Nusa Tenggara Timur;125095;370,5928564;0,574%
01/05/24;Maluku;Maluku Utara;30217;91,14414179;1,221%
01/05/24;Maluku;Maluku;38622;108,6781702;1,222%
01/05/24;Papua;Papua Barat;27750;71,73331231;1,108%
01/05/24;Papua;Papua;54675;151,5817962;1,065%
01/06/24;Jawa;Banten;1351528;5469,30036;2,377%
01/06/24;Jawa;DKI Jakarta;2273653;11617,24339;3,506%
01/06/24;Jawa;Jawa Barat;4994330;17325,51901;3,537%
01/06/24;Jawa;Jawa Tengah;1828216;5266,011673;2,688%
01/06/24;Jawa;DI Yogyakarta;310258;1031,37446;3,083%
01/06/24;Jawa;Jawa Timur;2196934;8586,754051;2,602%
01/06/24;Sumatera;Nangroe Aceh Darussalam;68968;158,1551932;1,197%
01/06/24;Sumatera;Lampung;360746;1052,669822;3,010%
01/06/24;Sumatera;Sumatera Utara;714828;2174,137697;1,700%
01/06/24;Sumatera;Sumatera Barat;298315;1135,128704;2,227%
01/06/24;Sumatera;Riau;368269;1074,721971;1,560%
01/06/24;Sumatera;Kepulauan Riau;213241;661,3185117;1,868%
01/06/24;Sumatera;Kepualauan Bangka Belitung;79339;271,8516942;1,497%
01/06/24;Sumatera;Jambi;200103;678,2534295;1,347%
01/06/24;Sumatera;Sumatera Selatan;399412;1274,054451;3,615%
01/06/24;Sumatera;Bengkulu;97613;346,6833146;1,714%
01/06/24;Kalimantan;Kalimantan Barat;183868;572,2245734;1,459%
01/06/24;Kalimantan;Kalimantan Tengah;111360;337,7621228;1,800%
01/06/24;Kalimantan;Kalimantan Utara;24471;82,5314258;1,438%
01/06/24;Kalimantan;Kalimantan Timur;310590;940,1756053;1,883%
01/06/24;Kalimantan;Kalimantan Selatan;228286;705,5052623;1,821%
01/06/24;Sulawesi;Sulawesi Utara;198354;705,5388799;1,247%
01/06/24;Sulawesi;Gorontalo;88867;311,3193852;0,884%
01/06/24;Sulawesi;Sulawesi Tengah;119753;391,3258858;1,921%
01/06/24;Sulawesi;Sulawesi Barat;42322;179,0140043;0,685%
01/06/24;Sulawesi;Sulawesi Selatan;420024;1482,642842;2,157%
01/06/24;Sulawesi;Sulawesi Tenggara;91348;436,7593718;2,408%
01/06/24;Bali dan Nusa Tenggara;Bali;299656;1230,414603;1,527%
01/06/24;Bali dan Nusa Tenggara;Nusa Tenggara Barat;166523;609,7525395;5,078%
01/06/24;Bali dan Nusa Tenggara;Nusa Tenggara Timur;131901;410,7002434;0,584%
01/06/24;Maluku;Maluku Utara;31904;104,5909173;0,989%
01/06/24;Maluku;Maluku;40430;131,6339284;1,023%
01/06/24;Papua;Papua Barat;28825;74,48629977;1,110%
01/06/24;Papua;Papua;57797;158,1294839;1,463%